Age,Gender,Weight (kg),Height (m),Max_BPM,Avg_BPM,Resting_BPM,Calories_Burned,Workout_Type,Fat_Percentage,Water_Intake (liters),Workout_Frequency (days/week),Experience_Level,BMI,Session_Duration (minutes),BMI_Category
56,Male,88.3,1.71,180,157,60,1313.0,Yoga,12.6,3.5,4,,30.2,101.39999999999999,Obese
46,Female,74.9,1.53,179,151,66,883.0,Hiit,33.9,2.1,4,,32.0,78.0,Obese
32,Female,68.1,1.66,167,122,54,677.0,Cardio,33.4,2.3,4,,24.71,66.60000000000001,Normal
25,Male,53.2,1.7,190,164,56,532.0,Strength,28.8,2.1,3,,18.41,35.4,Underweight
38,Male,46.1,1.79,188,158,68,556.0,Strength,29.2,2.8,3,,14.39,38.4,Underweight
56,Female,58.0,1.68,168,156,74,1116.0,Hiit,15.5,2.7,5,,20.55,95.4,Normal
36,Male,70.3,1.72,174,169,73,1385.0,Cardio,21.3,2.3,3,,23.76,89.4,Normal
40,Female,69.7,1.51,189,141,64,895.0,Cardio,30.6,1.9,3,,30.57,76.2,Obese
28,Male,121.7,1.94,185,127,52,719.0,Strength,28.9,2.6,4,,32.34,61.800000000000004,Obese
28,Male,101.8,1.84,169,136,64,808.0,Cardio,29.7,2.7,3,,30.07,64.80000000000001,Obese
41,Male,120.8,1.67,188,146,54,593.0,Hiit,20.5,3.0,2,,43.31,49.199999999999996,Obese
53,Male,51.7,1.7,175,152,72,865.0,Hiit,23.6,3.5,3,,17.89,69.0,Underweight
57,Male,112.5,1.61,195,165,61,1013.0,Cardio,22.1,2.7,3,,43.4,74.4,Obese
41,Male,94.5,2.0,179,136,69,794.0,Hiit,27.6,3.7,3,,23.62,70.8,Normal
20,Male,117.7,1.81,196,161,54,1195.0,Yoga,26.4,3.3,3,,35.93,81.0,Obese
39,Female,42.5,1.75,181,131,52,740.0,Strength,26.2,2.1,2,,13.88,67.8,Underweight
19,Female,64.0,1.53,166,167,58,1111.0,Hiit,29.8,2.3,3,,27.34,79.80000000000001,Overweight
41,Female,43.8,1.77,182,165,58,884.0,Cardio,31.9,1.6,3,,13.98,71.39999999999999,Underweight
47,Female,66.8,1.75,199,146,56,742.0,Strength,32.8,2.5,3,,21.81,67.8,Normal
55,Female,75.2,1.67,188,167,51,1030.0,Hiit,25.2,2.2,2,,26.96,82.2,Overweight
19,Male,89.0,1.77,175,127,72,1048.0,Strength,28.9,3.7,4,,28.41,90.0,Overweight
38,Male,71.9,1.77,197,142,72,875.0,Cardio,25.7,3.1,2,,22.95,67.2,Normal
50,Female,71.0,1.68,187,161,70,848.0,Yoga,33.1,2.5,2,,25.16,70.19999999999999,Overweight
29,Male,120.9,1.78,197,168,65,721.0,Yoga,28.1,3.4,2,,38.16,46.800000000000004,Obese
39,Female,64.3,1.69,190,148,58,925.0,Hiit,26.9,1.9,4,,22.51,75.0,Normal
42,Female,63.7,1.71,173,169,62,1080.0,Yoga,26.1,1.8,3,,21.78,85.19999999999999,Normal
44,Male,65.2,1.8,192,139,68,502.0,Hiit,27.2,2.7,2,,20.12,43.8,Normal
59,Male,53.9,1.75,168,135,69,989.0,Strength,21.6,2.8,4,,17.6,88.8,Underweight
45,Male,84.9,1.86,186,136,66,1104.0,Hiit,14.2,3.5,5,,24.54,98.39999999999999,Normal
33,Female,78.0,1.68,183,135,55,871.0,Hiit,32.3,1.8,3,,27.64,77.4,Overweight
32,Male,108.2,1.8,172,138,53,964.0,Hiit,28.4,3.5,3,,33.4,76.2,Obese
20,Female,65.4,1.52,185,127,50,654.0,Yoga,28.0,2.2,4,,28.31,61.800000000000004,Overweight
54,Female,50.2,1.61,188,157,67,1046.0,Hiit,28.2,2.7,2,,19.37,88.8,Normal
24,Female,58.9,1.51,187,157,68,816.0,Cardio,31.7,2.5,2,,25.83,62.400000000000006,Overweight
38,Male,81.4,1.71,187,148,58,1237.0,Hiit,10.2,3.5,5,,27.84,91.2,Overweight
26,Male,127.6,1.73,167,160,62,1162.0,Strength,27.3,2.9,3,,42.63,79.2,Obese
56,Female,59.3,1.56,182,155,57,879.0,Cardio,33.4,2.6,4,,24.37,75.6,Normal
35,Male,96.9,1.71,188,145,72,1069.0,Strength,24.2,2.9,3,,33.14,80.4,Obese
21,Male,62.6,1.81,164,150,62,1072.0,Strength,27.6,3.5,4,,19.11,78.0,Normal
42,Male,45.5,1.6,166,163,64,1057.0,Strength,21.7,2.6,3,,17.77,78.60000000000001,Underweight
31,Female,48.8,1.51,195,131,60,969.0,Cardio,28.2,2.0,2,,21.4,88.8,Normal
26,Female,44.3,1.6,186,136,61,734.0,Cardio,34.7,2.0,3,,17.3,64.80000000000001,Underweight
43,Male,113.2,1.83,161,134,63,962.0,Yoga,29.9,2.9,4,,33.8,87.0,Obese
19,Female,60.5,1.59,184,128,53,730.0,Cardio,30.1,2.2,2,,23.93,68.39999999999999,Normal
37,Male,124.2,1.76,168,158,50,1304.0,Hiit,29.3,2.8,2,,40.1,90.0,Obese
45,Male,52.4,1.85,186,161,73,956.0,Strength,25.2,2.5,3,,15.31,72.0,Underweight
24,Male,54.7,1.74,160,167,53,772.0,Yoga,22.9,3.6,3,,18.07,50.4,Underweight
25,Male,88.1,1.95,182,131,68,1016.0,Cardio,22.7,3.0,2,,23.17,84.6,Normal
52,Female,59.7,1.71,169,151,58,836.0,Strength,34.3,2.0,3,,20.42,73.8,Normal
31,Female,79.7,1.54,184,144,59,742.0,Cardio,26.7,2.3,4,,33.61,61.800000000000004,Obese
34,Female,51.0,1.62,162,158,53,1122.0,Yoga,30.8,2.4,3,,19.43,85.19999999999999,Normal
53,Male,84.2,1.76,165,137,69,1133.0,Cardio,12.8,3.5,5,,27.18,100.19999999999999,Overweight
57,Male,122.1,1.89,165,134,58,750.0,Cardio,27.4,3.6,3,,34.18,67.8,Obese
21,Male,96.7,1.72,161,151,62,1046.0,Strength,25.0,2.8,3,,32.69,75.6,Obese
19,Female,73.0,1.79,177,125,61,506.0,Hiit,27.7,1.6,3,,22.78,48.6,Normal
23,Male,114.8,1.6,182,163,60,1318.0,Cardio,21.7,2.7,4,,44.84,88.2,Obese
59,Female,65.5,1.52,161,162,61,1021.0,Yoga,31.2,2.1,3,,28.35,84.0,Overweight
21,Female,50.3,1.52,171,154,67,832.0,Cardio,32.2,2.6,3,,21.77,64.80000000000001,Normal
46,Female,61.0,1.71,181,153,61,1150.0,Cardio,17.8,2.7,4,,20.86,100.19999999999999,Normal
35,Female,44.6,1.62,196,157,65,440.0,Hiit,32.4,2.0,2,,16.99,33.6,Underweight
43,Female,58.2,1.61,179,124,54,580.0,Strength,26.4,2.6,3,,22.45,62.400000000000006,Normal
51,Female,44.8,1.63,198,137,69,666.0,Yoga,33.8,2.1,4,,16.86,64.80000000000001,Underweight
27,Male,87.5,1.63,183,135,74,1299.0,Strength,12.9,3.5,5,,32.93,105.0,Obese
53,Male,51.8,1.74,179,127,61,773.0,Strength,21.3,3.7,3,,17.11,73.8,Underweight
31,Female,64.4,1.7,160,144,70,1418.0,Strength,17.3,2.7,5,,22.28,118.2,Normal
48,Female,67.1,1.61,160,151,74,421.0,Cardio,33.4,1.5,2,,25.89,37.2,Overweight
32,Male,85.9,1.6,176,145,60,1587.0,Hiit,14.5,3.5,5,,33.55,119.4,Obese
25,Female,65.4,1.77,160,141,58,627.0,Cardio,27.6,2.6,3,,20.88,53.4,Normal
31,Female,61.1,1.76,189,150,67,1358.0,Yoga,18.6,2.7,4,,19.72,108.60000000000001,Normal
40,Male,106.5,1.65,162,162,74,1176.0,Hiit,21.0,3.6,4,,39.12,79.2,Obese
57,Female,64.0,1.52,170,129,52,1004.0,Strength,15.2,2.7,5,,27.7,103.8,Overweight
38,Female,61.4,1.54,183,131,69,963.0,Hiit,30.6,2.7,3,,25.89,88.2,Overweight
33,Female,40.5,1.63,181,147,66,786.0,Yoga,31.9,1.5,4,,15.24,64.2,Underweight
35,Male,70.1,1.79,185,125,63,743.0,Cardio,28.0,2.3,3,,21.88,64.80000000000001,Normal
41,Male,94.1,1.62,172,139,50,777.0,Cardio,23.4,3.1,4,,35.86,67.8,Obese
43,Male,55.5,1.82,160,124,66,663.0,Strength,20.1,2.0,3,,16.76,64.80000000000001,Underweight
42,Female,53.7,1.72,183,142,74,875.0,Cardio,29.8,1.6,3,,18.15,82.2,Underweight
58,Female,66.1,1.75,169,128,57,363.0,Cardio,25.2,1.8,2,,21.58,37.8,Normal
46,Male,103.9,1.77,194,148,54,864.0,Yoga,20.9,2.9,2,,33.16,70.8,Obese
32,Female,61.7,1.58,183,135,54,1262.0,Hiit,16.6,2.7,5,,24.72,112.2,Normal
18,Female,52.3,1.74,187,165,58,990.0,Cardio,29.4,2.2,2,,17.27,72.0,Underweight
42,Female,59.5,1.74,195,141,52,1129.0,Yoga,16.4,2.7,5,,19.65,106.8,Normal
24,Female,72.9,1.76,175,127,68,546.0,Yoga,30.8,1.5,3,,23.53,51.6,Normal
26,Female,76.7,1.63,199,139,72,751.0,Strength,25.6,1.7,2,,28.87,64.80000000000001,Overweight
41,Male,72.1,1.83,175,133,58,744.0,Yoga,21.4,2.8,3,,21.53,67.8,Normal
18,Female,54.8,1.68,176,158,71,1003.0,Strength,32.0,2.2,4,,19.42,76.2,Normal
25,Male,105.0,1.88,174,156,67,1150.0,Cardio,21.4,2.3,3,,29.71,80.4,Overweight
41,Female,55.0,1.55,175,169,65,1103.0,Strength,31.4,2.0,4,,22.89,87.0,Normal
28,Male,81.6,1.66,174,153,50,917.0,Yoga,20.5,3.5,4,,29.61,65.4,Overweight
34,Female,75.6,1.6,193,130,51,416.0,Hiit,29.1,2.7,2,,29.53,38.4,Overweight
25,Male,81.5,1.61,170,159,63,1610.0,Hiit,10.9,3.5,4,,31.44,115.8,Obese
52,Female,61.5,1.69,160,152,63,1231.0,Cardio,15.5,2.7,4,,21.53,108.0,Normal
52,Male,74.0,1.63,174,150,50,936.0,Cardio,25.7,3.7,3,,27.85,75.6,Overweight
50,Female,56.4,1.59,185,163,74,924.0,Hiit,34.3,2.6,3,,22.31,75.6,Normal
22,Male,102.6,1.84,163,153,65,1052.0,Strength,20.5,2.7,3,,30.3,75.0,Obese
59,Female,54.6,1.57,164,169,64,441.0,Cardio,29.2,2.3,3,,22.15,34.8,Normal
56,Male,129.0,1.78,194,126,64,805.0,Yoga,27.1,2.7,2,,40.71,77.4,Obese
58,Male,103.5,1.66,172,168,61,1106.0,Cardio,24.6,3.1,3,,37.56,79.80000000000001,Obese
45,Female,59.4,1.51,169,142,65,735.0,Strength,33.1,1.9,4,,26.05,69.0,Overweight
24,Female,60.1,1.79,170,165,63,1610.0,Cardio,15.9,2.7,4,,18.76,118.2,Normal
26,Male,77.7,1.62,177,126,73,804.0,Yoga,29.6,3.0,3,,29.61,69.6,Overweight
25,Female,41.2,1.62,193,144,64,1073.0,Yoga,28.9,2.1,4,,15.7,89.4,Underweight
29,Male,58.6,1.61,198,122,72,805.0,Yoga,23.4,2.0,3,,22.61,72.0,Normal
51,Male,109.3,1.78,182,157,64,420.0,Strength,28.7,3.3,3,,34.5,32.400000000000006,Obese
50,Male,69.6,1.96,166,139,68,667.0,Strength,25.6,2.0,3,,18.12,58.199999999999996,Underweight
40,Female,56.2,1.79,198,153,57,1369.0,Yoga,17.6,2.7,5,,17.54,107.4,Underweight
41,Male,71.7,1.96,162,168,51,424.0,Yoga,27.3,2.5,2,,18.66,30.6,Normal
54,Male,86.0,1.93,171,163,51,1404.0,Strength,12.9,3.5,5,,23.09,104.4,Normal
52,Female,79.4,1.59,166,163,59,1020.0,Strength,26.6,1.5,3,,31.41,83.39999999999999,Obese
57,Female,78.4,1.62,185,149,52,677.0,Strength,31.7,2.0,4,,29.87,60.6,Overweight
39,Female,55.4,1.6,192,136,72,979.0,Hiit,26.3,1.6,3,,21.64,86.39999999999999,Normal
44,Female,61.7,1.55,196,129,66,819.0,Strength,33.1,2.6,4,,25.68,84.6,Overweight
52,Male,85.5,1.82,174,154,57,1357.0,Yoga,14.9,3.5,4,,25.81,106.8,Overweight
18,Male,87.6,1.93,161,139,72,1315.0,Hiit,11.9,3.5,4,,23.52,103.2,Normal
52,Male,82.4,1.72,166,137,53,685.0,Strength,24.4,2.7,4,,27.85,60.6,Overweight
54,Male,67.0,1.68,191,164,63,446.0,Yoga,20.5,2.8,3,,23.74,33.0,Normal
31,Female,42.3,1.6,163,163,70,888.0,Cardio,25.1,1.9,3,,16.52,65.4,Underweight
20,Male,82.7,1.99,179,146,59,1357.0,Hiit,14.6,3.5,5,,20.88,101.39999999999999,Normal
18,Male,92.4,1.74,195,168,50,1303.0,Yoga,21.3,3.1,2,,30.52,84.6,Obese
22,Female,63.2,1.54,191,155,53,790.0,Cardio,29.5,2.4,4,,26.65,61.2,Overweight
43,Male,82.7,1.85,187,142,50,858.0,Yoga,28.2,3.1,4,,24.16,73.2,Normal
31,Male,86.6,1.76,172,151,66,1071.0,Strength,28.9,3.3,3,,27.96,77.4,Overweight
56,Male,129.5,1.95,160,129,66,639.0,Strength,25.2,3.5,2,,34.06,60.0,Obese
44,Male,98.0,1.83,194,130,56,824.0,Cardio,25.7,3.5,4,,29.26,76.8,Overweight
26,Male,86.2,1.68,189,157,72,1610.0,Strength,13.3,3.5,5,,30.54,118.2,Obese
32,Male,78.6,1.62,195,125,69,880.0,Yoga,29.6,3.1,3,,29.95,76.8,Obese
32,Female,59.0,1.66,184,160,64,408.0,Cardio,31.0,1.8,2,,21.41,30.6,Normal
43,Female,57.3,1.79,175,166,62,1479.0,Yoga,17.8,2.7,4,,17.88,118.8,Underweight
59,Male,122.3,1.89,178,153,51,500.0,Yoga,20.1,3.1,3,,34.24,39.6,Obese
30,Male,85.3,1.95,160,155,68,1373.0,Yoga,10.4,3.5,5,,22.43,96.60000000000001,Normal
49,Female,45.2,1.74,164,156,73,870.0,Strength,30.8,2.1,3,,14.93,74.4,Underweight
56,Male,55.6,1.92,181,136,62,458.0,Strength,29.4,3.2,3,,15.08,40.800000000000004,Underweight
49,Male,82.8,1.95,183,159,73,1503.0,Yoga,14.3,3.5,5,,21.78,114.6,Normal
21,Male,125.2,1.66,196,159,60,1207.0,Hiit,29.8,3.4,3,,45.43,82.8,Obese
47,Female,58.5,1.79,195,131,71,837.0,Yoga,30.3,2.4,4,,18.26,85.19999999999999,Underweight
54,Male,86.1,1.95,195,140,64,811.0,Yoga,27.9,3.4,2,,22.64,70.19999999999999,Normal
40,Female,63.5,1.61,163,159,59,1041.0,Cardio,33.4,1.6,3,,24.5,78.60000000000001,Normal
56,Male,69.3,1.68,195,138,58,451.0,Yoga,26.5,2.1,2,,24.55,39.6,Normal
32,Female,70.5,1.62,177,122,58,756.0,Strength,28.4,1.8,2,,26.86,74.4,Overweight
46,Female,60.1,1.65,175,137,69,1042.0,Cardio,17.3,2.7,4,,22.08,101.39999999999999,Normal
53,Male,94.1,1.95,177,138,50,608.0,Hiit,28.6,3.5,3,,24.75,53.4,Normal
30,Female,79.2,1.62,181,166,66,1046.0,Cardio,28.0,2.5,4,,30.18,75.6,Obese
49,Male,115.3,1.91,161,125,61,854.0,Hiit,29.2,3.2,2,,31.61,82.8,Obese
24,Female,62.9,1.79,180,135,59,958.0,Cardio,27.3,2.3,4,,19.63,85.19999999999999,Normal
39,Male,62.0,1.64,195,127,54,678.0,Cardio,27.5,3.2,3,,23.05,58.199999999999996,Normal
45,Male,88.5,1.78,198,167,67,1265.0,Hiit,13.2,3.5,4,,27.93,91.8,Overweight
19,Female,73.9,1.77,198,137,64,877.0,Strength,32.5,2.6,3,,23.59,76.8,Normal
59,Male,50.3,1.95,188,167,55,885.0,Strength,24.4,3.4,3,,13.23,64.2,Underweight
23,Male,83.1,1.8,185,162,56,624.0,Strength,29.3,3.1,3,,25.65,42.0,Overweight
45,Female,65.1,1.78,180,158,66,1038.0,Cardio,31.3,2.3,3,,20.55,87.6,Normal
45,Male,46.6,1.79,176,168,55,1214.0,Yoga,22.9,2.4,3,,14.54,87.6,Underweight
37,Male,103.5,1.89,175,168,57,499.0,Cardio,26.4,3.1,2,,28.97,32.400000000000006,Overweight
47,Female,61.9,1.54,190,131,61,1150.0,Yoga,16.4,2.7,4,,26.1,117.0,Overweight
28,Female,52.0,1.61,168,164,70,1082.0,Yoga,27.9,2.0,3,,20.06,79.2,Normal
45,Male,113.4,1.71,190,129,63,530.0,Strength,24.0,2.3,2,,38.78,49.8,Obese
42,Male,62.9,1.98,173,126,61,886.0,Yoga,28.5,3.4,4,,16.04,85.19999999999999,Underweight
56,Female,40.4,1.8,196,165,72,913.0,Cardio,30.0,2.1,4,,12.47,73.8,Underweight
50,Female,67.1,1.75,161,120,59,362.0,Cardio,31.8,2.7,3,,21.91,40.2,Normal
18,Male,70.0,1.61,173,168,71,1201.0,Strength,23.9,2.5,2,,27.01,78.0,Overweight
44,Female,69.5,1.75,192,155,69,711.0,Hiit,27.6,2.1,3,,22.69,61.2,Normal
30,Male,107.9,1.66,194,140,64,832.0,Cardio,29.5,2.8,3,,39.16,64.80000000000001,Obese
58,Male,109.0,1.91,198,156,56,1151.0,Yoga,26.0,2.2,3,,29.88,89.4,Overweight
20,Male,101.0,1.91,179,143,58,1070.0,Cardio,29.3,2.7,3,,27.69,81.60000000000001,Overweight
56,Male,88.5,1.85,161,144,59,1119.0,Cardio,11.0,3.5,4,,25.86,94.2,Overweight
23,Male,80.9,1.8,178,126,59,1074.0,Cardio,10.7,3.5,4,,24.97,93.0,Obese
25,Female,43.1,1.62,196,161,65,837.0,Hiit,33.6,1.8,4,,16.42,62.400000000000006,Underweight
44,Female,59.1,1.52,177,136,56,967.0,Yoga,18.4,2.7,5,,25.58,94.80000000000001,Overweight
26,Female,54.0,1.53,175,148,54,844.0,Strength,26.9,1.7,3,,23.07,68.39999999999999,Normal
54,Female,72.3,1.78,163,149,72,852.0,Cardio,27.7,1.8,2,,22.82,76.2,Normal
50,Male,51.1,1.98,171,126,52,574.0,Yoga,28.0,2.4,2,,13.03,55.2,Underweight
59,Male,89.4,1.72,188,152,67,813.0,Yoga,24.5,3.2,3,,30.22,64.80000000000001,Obese
41,Male,51.5,1.8,166,126,60,680.0,Strength,26.7,2.1,4,,15.9,65.4,Underweight
32,Male,87.9,1.88,173,143,64,1195.0,Cardio,11.6,3.5,5,,24.87,91.2,Normal
49,Female,42.0,1.52,171,130,70,644.0,Hiit,28.8,2.2,3,,18.18,66.0,Underweight
49,Male,79.2,1.72,194,128,69,925.0,Yoga,29.9,3.3,3,,26.77,87.6,Overweight
41,Male,64.8,1.71,164,131,54,778.0,Strength,22.5,2.8,3,,22.16,72.0,Normal
58,Female,63.0,1.78,176,154,73,1095.0,Hiit,17.5,2.7,4,,19.88,94.80000000000001,Normal
29,Female,56.2,1.77,191,123,61,418.0,Yoga,33.4,2.6,3,,17.94,40.800000000000004,Underweight
56,Female,52.9,1.64,169,155,53,767.0,Cardio,27.4,2.3,3,,19.67,66.0,Normal
19,Female,49.0,1.69,176,147,64,772.0,Yoga,29.2,2.4,3,,17.16,63.0,Underweight
20,Male,128.2,1.84,164,132,58,603.0,Hiit,26.2,2.3,3,,37.87,49.8,Obese
54,Male,83.6,1.86,168,142,56,1082.0,Hiit,12.4,3.5,5,,24.16,92.4,Normal
34,Female,56.2,1.77,192,138,59,1249.0,Cardio,17.3,2.7,5,,17.94,108.60000000000001,Underweight
19,Male,87.8,1.78,195,161,72,1133.0,Cardio,23.6,3.3,2,,27.71,76.8,Overweight
19,Male,85.9,1.85,195,156,62,1424.0,Strength,12.9,3.5,4,,25.1,99.6,Overweight
45,Male,51.1,1.87,177,158,57,1126.0,Cardio,26.2,3.4,4,,14.61,86.39999999999999,Underweight
40,Female,57.4,1.71,168,143,61,1337.0,Strength,18.3,2.7,5,,19.63,112.2,Normal
54,Male,114.9,1.92,188,135,71,802.0,Hiit,20.7,2.6,4,,31.17,72.0,Obese
49,Female,62.1,1.66,173,152,73,937.0,Hiit,31.3,1.8,3,,22.54,82.2,Normal
50,Male,57.1,1.91,184,131,68,707.0,Yoga,29.5,2.7,4,,15.65,65.4,Underweight
18,Male,68.1,1.8,174,153,50,926.0,Yoga,25.4,3.3,4,,21.02,66.0,Normal
36,Male,69.2,1.65,165,126,65,852.0,Strength,27.2,2.7,3,,25.42,73.8,Overweight
19,Female,65.2,1.52,188,130,71,800.0,Cardio,30.6,2.4,3,,28.22,73.8,Overweight
43,Male,108.6,1.73,174,150,66,988.0,Cardio,28.5,2.2,2,,36.29,79.80000000000001,Obese
49,Female,40.0,1.65,188,148,74,686.0,Yoga,34.3,2.5,3,,14.69,61.800000000000004,Underweight
23,Female,41.9,1.58,163,132,67,370.0,Hiit,26.8,1.8,3,,16.78,33.6,Underweight
49,Female,68.3,1.52,177,150,60,979.0,Strength,29.4,1.8,4,,29.56,87.0,Overweight
21,Male,88.4,1.6,198,121,67,1138.0,Hiit,12.0,3.5,4,,34.53,102.6,Obese
28,Male,66.0,1.9,175,158,56,1025.0,Hiit,24.1,3.0,3,,18.28,70.8,Underweight
34,Male,71.9,1.64,170,134,67,929.0,Cardio,21.3,2.1,4,,26.73,75.6,Overweight
55,Male,75.6,1.71,173,130,57,663.0,Strength,28.1,2.0,4,,25.85,61.800000000000004,Overweight
41,Female,63.4,1.59,162,153,55,1267.0,Hiit,15.2,2.7,5,,25.08,110.4,Overweight
22,Female,71.6,1.77,197,158,56,1177.0,Yoga,30.3,1.8,3,,22.85,89.4,Normal
51,Female,57.4,1.77,177,123,72,598.0,Yoga,31.6,2.1,4,,18.32,64.80000000000001,Underweight
23,Male,83.8,1.99,179,130,71,1280.0,Cardio,11.0,3.5,4,,21.16,107.4,Normal
39,Female,55.9,1.71,184,148,59,1443.0,Yoga,19.5,2.7,5,,19.12,117.0,Normal
28,Male,87.0,1.76,197,121,60,799.0,Yoga,28.4,3.5,3,,28.09,72.0,Overweight
33,Female,65.3,1.71,172,135,74,796.0,Hiit,29.7,2.5,4,,22.33,70.8,Normal
50,Male,45.4,1.67,163,158,62,1071.0,Yoga,24.1,2.8,4,,16.28,82.2,Underweight
26,Male,87.1,1.87,173,132,58,1241.0,Yoga,11.2,3.5,4,,24.91,102.6,Obese
23,Female,78.6,1.73,192,156,56,1147.0,Hiit,32.3,1.5,4,,26.26,88.2,Overweight
33,Female,78.0,1.71,187,136,58,734.0,Cardio,26.3,2.1,3,,26.67,64.80000000000001,Overweight
46,Female,58.0,1.53,196,140,62,1153.0,Cardio,18.4,2.7,4,,24.78,109.80000000000001,Normal
20,Female,71.3,1.69,167,163,52,1043.0,Strength,33.4,2.3,3,,24.96,76.8,Obese
37,Male,49.1,1.74,193,138,52,842.0,Yoga,22.3,2.6,3,,16.22,66.60000000000001,Underweight
53,Female,78.3,1.65,164,126,50,703.0,Hiit,33.7,1.6,3,,28.76,74.4,Overweight
36,Female,57.3,1.64,164,157,70,887.0,Strength,25.3,1.8,4,,21.3,67.8,Normal
43,Female,48.4,1.61,190,127,69,732.0,Cardio,34.1,2.4,2,,18.67,76.8,Normal
20,Male,76.4,1.62,168,132,51,980.0,Cardio,21.2,2.6,4,,29.11,81.0,Overweight
36,Male,110.2,1.77,191,156,74,1021.0,Hiit,26.5,3.4,2,,35.18,71.39999999999999,Obese
37,Female,72.9,1.76,192,121,52,732.0,Strength,27.5,1.9,3,,23.53,72.6,Normal
49,Male,82.1,1.86,162,160,64,1481.0,Strength,14.2,3.5,4,,23.73,112.2,Normal
24,Female,58.9,1.76,189,130,73,410.0,Hiit,30.1,1.7,3,,19.01,37.8,Normal
58,Male,82.2,1.87,171,143,55,1111.0,Hiit,10.7,3.5,4,,23.51,94.2,Normal
50,Male,96.7,1.72,188,125,62,903.0,Strength,25.7,2.7,3,,32.69,87.6,Obese
57,Male,81.4,1.86,162,145,70,1292.0,Cardio,12.0,3.5,5,,23.53,108.0,Normal
56,Male,107.8,1.73,185,126,50,680.0,Yoga,26.6,2.8,3,,36.02,65.4,Obese
35,Female,65.8,1.62,189,158,69,790.0,Cardio,33.8,1.5,4,,25.07,60.0,Overweight
57,Female,68.5,1.56,168,138,68,900.0,Hiit,29.1,1.6,4,,28.15,87.0,Overweight
18,Female,63.9,1.59,185,125,50,1169.0,Strength,16.4,2.7,4,,25.28,112.2,Overweight
28,Male,76.3,1.62,161,162,70,1034.0,Strength,20.1,2.3,3,,29.07,69.6,Overweight
45,Female,44.5,1.65,162,148,71,959.0,Yoga,30.7,1.6,3,,16.35,86.39999999999999,Underweight
42,Female,50.7,1.75,163,162,51,940.0,Strength,29.0,1.9,3,,16.56,77.4,Underweight
40,Female,55.1,1.61,184,158,64,1224.0,Yoga,16.9,2.7,4,,21.26,93.0,Normal
48,Male,73.7,1.61,172,121,63,815.0,Cardio,21.8,3.6,4,,28.43,81.60000000000001,Overweight
47,Male,55.6,1.77,198,138,68,820.0,Cardio,24.3,2.9,4,,17.75,72.0,Underweight
59,Male,86.9,1.76,194,123,60,688.0,Strength,29.8,3.1,3,,28.05,67.8,Overweight
52,Female,60.3,1.68,182,125,64,900.0,Strength,16.5,2.7,4,,21.36,96.0,Normal
24,Female,40.4,1.64,168,168,55,832.0,Hiit,31.0,1.9,2,,15.02,59.4,Underweight
33,Female,78.5,1.66,161,156,69,1006.0,Hiit,32.8,1.9,4,,28.49,77.4,Overweight
43,Male,102.6,1.72,190,147,58,597.0,Strength,27.5,2.0,2,,34.68,49.199999999999996,Obese
19,Male,110.8,1.91,161,149,54,1074.0,Strength,23.3,2.9,2,,30.37,78.60000000000001,Obese
18,Female,60.9,1.79,191,126,69,699.0,Cardio,31.1,2.1,2,,19.01,66.60000000000001,Normal
29,Male,55.7,1.61,177,128,51,993.0,Strength,28.7,2.3,3,,21.49,84.6,Normal
22,Male,110.5,1.92,172,144,55,919.0,Hiit,20.2,3.3,3,,29.98,69.6,Obese
54,Male,55.2,1.71,164,152,67,579.0,Cardio,24.4,2.8,2,,18.88,46.2,Normal
49,Male,46.5,1.72,169,120,72,832.0,Yoga,22.2,2.6,4,,15.72,84.0,Underweight
26,Female,70.9,1.66,184,125,68,506.0,Hiit,28.9,1.7,3,,25.73,48.6,Overweight
58,Male,74.6,1.75,193,137,58,739.0,Hiit,24.2,2.9,2,,24.36,65.4,Normal
52,Male,45.1,1.72,196,129,70,594.0,Cardio,27.5,3.3,2,,15.24,55.800000000000004,Underweight
36,Male,99.9,1.99,189,147,73,1075.0,Yoga,20.9,2.5,3,,25.23,79.80000000000001,Overweight
33,Male,117.0,1.61,166,130,55,744.0,Hiit,25.1,2.4,3,,45.14,62.400000000000006,Obese
20,Female,75.9,1.73,165,152,63,1056.0,Strength,30.6,2.1,4,,25.36,83.39999999999999,Overweight
37,Female,71.2,1.64,162,120,73,666.0,Hiit,29.9,1.7,3,,26.47,66.60000000000001,Overweight
41,Male,78.8,1.72,172,132,62,660.0,Cardio,27.3,3.1,4,,26.64,60.6,Overweight
50,Male,50.6,1.69,162,156,60,1012.0,Cardio,23.8,3.0,2,,17.72,78.60000000000001,Underweight
41,Male,82.5,1.79,185,139,61,1163.0,Cardio,14.7,3.5,4,,25.75,101.39999999999999,Overweight
28,Male,108.5,1.79,183,120,68,878.0,Hiit,24.8,2.1,4,,33.86,79.80000000000001,Obese
25,Male,49.9,1.98,165,122,68,772.0,Yoga,25.7,2.1,3,,12.73,69.0,Underweight
53,Male,125.1,1.91,171,137,70,353.0,Strength,28.3,3.1,2,,34.29,31.200000000000003,Obese
55,Female,79.7,1.66,195,160,68,763.0,Cardio,27.8,1.9,2,,28.92,63.6,Overweight
57,Male,126.8,1.63,161,133,73,632.0,Yoga,20.8,2.1,2,,47.72,57.599999999999994,Obese
37,Female,54.6,1.57,170,150,62,982.0,Strength,32.1,2.4,3,,22.15,78.60000000000001,Normal
52,Female,47.8,1.54,198,146,63,880.0,Cardio,29.8,1.9,3,,20.16,80.4,Normal
42,Male,97.9,1.91,193,136,73,680.0,Strength,29.0,2.8,3,,26.84,60.6,Overweight
52,Female,63.1,1.54,185,165,67,1010.0,Strength,34.8,1.8,3,,26.61,81.60000000000001,Overweight
42,Female,72.4,1.69,177,148,61,713.0,Yoga,29.0,2.3,3,,25.35,64.2,Overweight
46,Female,58.9,1.7,180,155,53,1060.0,Strength,17.1,2.7,4,,20.38,91.2,Normal
35,Female,50.4,1.6,195,156,59,803.0,Cardio,29.1,1.9,4,,19.69,61.800000000000004,Normal
35,Female,64.2,1.59,199,145,66,1182.0,Yoga,16.6,2.7,5,,25.39,97.8,Overweight
19,Female,58.8,1.77,181,136,53,952.0,Hiit,32.8,2.7,2,,18.77,84.0,Normal
52,Male,105.2,1.62,189,141,61,949.0,Hiit,27.6,3.2,3,,40.09,81.60000000000001,Obese
33,Female,45.9,1.5,189,144,62,662.0,Yoga,29.8,1.7,3,,20.4,55.2,Normal
58,Female,65.2,1.63,167,121,53,610.0,Hiit,25.4,2.0,3,,24.54,67.2,Normal
53,Female,56.3,1.79,193,141,59,964.0,Strength,16.5,2.7,5,,17.57,91.2,Underweight
50,Male,90.0,1.7,168,124,74,497.0,Cardio,22.9,2.7,2,,31.14,48.6,Obese
21,Female,60.0,1.7,179,123,52,1212.0,Strength,19.1,2.7,5,,20.76,118.2,Normal
50,Male,51.5,1.71,199,155,64,1136.0,Yoga,20.9,2.9,2,,17.61,88.8,Underweight
31,Female,63.1,1.64,184,125,51,962.0,Cardio,19.0,2.7,4,,23.46,92.4,Normal
38,Male,91.5,1.77,178,140,74,616.0,Yoga,26.7,3.4,2,,29.21,48.0,Overweight
37,Male,48.7,1.67,164,132,74,1009.0,Yoga,27.3,3.0,2,,17.46,83.39999999999999,Underweight
25,Female,57.8,1.56,170,156,66,1053.0,Yoga,29.3,1.6,3,,23.75,81.0,Normal
24,Female,42.0,1.75,174,144,55,598.0,Strength,31.8,2.3,3,,13.71,49.8,Underweight
20,Male,128.4,1.92,167,145,57,502.0,Cardio,26.1,2.0,2,,34.83,37.8,Obese
34,Female,74.2,1.57,178,158,52,1161.0,Cardio,32.7,2.4,3,,30.1,88.2,Obese
50,Male,89.6,1.68,182,139,74,1232.0,Cardio,12.2,3.5,5,,31.75,107.4,Obese
29,Male,125.9,2.0,186,152,67,1137.0,Strength,24.7,3.1,4,,31.48,81.60000000000001,Obese
39,Male,105.5,1.99,199,133,71,593.0,Hiit,26.4,2.5,2,,26.64,48.6,Overweight
39,Male,93.4,1.7,191,155,50,938.0,Strength,21.1,2.5,4,,32.32,66.0,Obese
47,Male,82.1,1.84,185,136,65,922.0,Strength,24.4,3.4,4,,24.25,82.2,Normal
55,Female,42.9,1.69,186,140,56,567.0,Yoga,34.7,2.4,2,,15.02,54.0,Underweight
55,Male,128.4,1.68,178,165,52,923.0,Cardio,20.4,2.6,4,,45.49,67.8,Obese
25,Male,112.4,1.96,188,135,72,1054.0,Cardio,23.2,2.5,2,,29.26,85.19999999999999,Overweight
44,Female,77.7,1.79,198,165,53,1047.0,Hiit,28.1,2.2,3,,24.25,84.6,Normal
44,Male,89.3,1.99,192,135,58,936.0,Hiit,26.3,2.0,4,,22.55,84.0,Normal
51,Female,70.3,1.55,178,139,54,876.0,Yoga,26.1,1.6,3,,29.26,84.0,Overweight
38,Female,59.1,1.72,196,148,68,792.0,Cardio,31.3,1.7,3,,19.98,64.2,Normal
47,Female,49.9,1.69,178,147,64,979.0,Hiit,26.0,1.7,3,,17.47,88.8,Underweight
50,Male,101.7,1.67,192,127,57,333.0,Hiit,20.9,2.9,2,,36.47,31.8,Obese
45,Male,93.0,1.91,175,143,55,729.0,Cardio,27.3,3.7,3,,25.49,61.800000000000004,Overweight
50,Male,87.4,1.6,182,122,67,465.0,Strength,23.2,3.1,2,,34.14,46.2,Obese
22,Female,55.1,1.61,166,144,68,1166.0,Hiit,19.9,2.7,4,,21.26,97.2,Normal
36,Male,123.7,1.69,185,138,73,987.0,Cardio,20.4,2.1,4,,43.31,78.0,Obese
21,Female,61.3,1.57,191,152,64,1474.0,Hiit,17.2,2.7,4,,24.87,116.39999999999999,Normal
52,Male,72.3,1.94,171,121,56,874.0,Yoga,21.1,2.9,3,,19.21,87.6,Normal
34,Female,69.2,1.53,167,134,59,911.0,Hiit,28.5,2.1,2,,29.56,81.60000000000001,Overweight
45,Male,81.4,1.61,164,141,55,796.0,Cardio,30.0,2.2,4,,31.4,68.39999999999999,Obese
47,Male,84.8,1.86,187,129,63,1181.0,Hiit,14.4,3.5,5,,24.51,111.0,Normal
46,Male,55.1,1.72,164,137,66,970.0,Yoga,20.5,3.6,3,,18.62,85.8,Normal
23,Female,59.0,1.78,185,141,58,1177.0,Yoga,17.8,2.7,5,,18.62,100.19999999999999,Normal
52,Female,64.9,1.51,164,165,68,1359.0,Hiit,18.2,2.7,4,,28.46,109.80000000000001,Overweight
58,Male,109.7,1.75,181,168,54,840.0,Hiit,22.1,2.7,2,,35.82,60.6,Obese
54,Male,78.4,1.9,174,146,72,585.0,Yoga,21.5,3.7,2,,21.72,48.6,Normal
41,Female,76.7,1.79,172,132,56,832.0,Yoga,34.0,2.0,4,,23.94,84.0,Normal
46,Female,63.1,1.61,187,152,68,684.0,Strength,34.7,2.2,4,,24.34,60.0,Normal
48,Female,62.9,1.58,192,124,69,1105.0,Strength,20.0,2.7,4,,25.2,118.8,Overweight
52,Male,85.6,1.74,182,145,56,1321.0,Yoga,13.9,3.5,4,,28.27,110.4,Overweight
50,Female,66.3,1.57,192,132,73,742.0,Hiit,31.6,1.6,2,,26.9,75.0,Overweight
38,Male,61.3,1.97,177,146,51,1100.0,Cardio,23.5,2.8,3,,15.8,82.2,Underweight
49,Female,44.1,1.65,189,133,74,694.0,Hiit,26.7,1.8,4,,16.2,69.6,Underweight
40,Male,63.8,1.62,185,143,72,1022.0,Hiit,20.8,3.4,2,,24.31,78.0,Normal
50,Female,55.4,1.55,175,122,65,1016.0,Strength,18.5,2.7,4,,23.06,111.0,Normal
20,Female,74.7,1.58,172,166,62,863.0,Strength,32.8,2.4,3,,29.92,62.400000000000006,Obese
35,Female,78.0,1.67,198,168,57,949.0,Strength,33.3,2.5,4,,27.97,67.8,Overweight
42,Female,57.5,1.67,192,149,55,764.0,Yoga,34.1,2.4,2,,20.62,68.39999999999999,Normal
59,Female,60.7,1.73,185,154,55,714.0,Yoga,33.8,2.5,3,,20.28,61.800000000000004,Normal
48,Male,69.0,1.74,160,167,58,1223.0,Hiit,30.0,2.3,3,,22.79,88.8,Normal
20,Female,75.8,1.78,197,133,53,944.0,Hiit,27.4,2.0,4,,23.92,85.19999999999999,Normal
57,Female,75.7,1.63,161,131,60,407.0,Cardio,32.6,2.3,3,,28.49,41.4,Overweight
41,Female,71.2,1.64,165,147,54,939.0,Hiit,30.9,2.3,3,,26.47,85.19999999999999,Overweight
49,Male,85.0,1.68,197,163,74,1468.0,Hiit,11.3,3.5,4,,30.12,109.2,Obese
39,Female,63.6,1.56,183,148,66,903.0,Strength,34.8,2.4,2,,26.13,73.2,Overweight
40,Male,73.2,1.94,177,162,69,722.0,Strength,29.0,2.4,2,,19.45,48.6,Normal
19,Female,48.3,1.52,186,136,56,653.0,Strength,26.3,1.6,2,,20.91,57.599999999999994,Normal
44,Female,42.8,1.78,167,159,64,1066.0,Strength,25.3,2.6,3,,13.51,89.4,Underweight
59,Male,88.1,1.76,187,168,74,1123.0,Strength,26.9,3.0,3,,28.44,81.0,Overweight
19,Female,72.4,1.75,169,140,64,840.0,Cardio,31.0,1.7,4,,23.64,72.0,Normal
43,Male,73.2,1.88,176,142,63,822.0,Cardio,29.4,3.3,3,,20.71,70.19999999999999,Normal
34,Male,110.5,1.86,188,139,62,1086.0,Cardio,22.3,3.6,2,,31.94,85.19999999999999,Obese
57,Female,46.1,1.76,165,130,60,842.0,Strength,25.8,1.7,3,,14.88,86.39999999999999,Underweight
50,Male,90.8,1.71,173,153,62,810.0,Yoga,22.6,3.4,4,,31.05,64.2,Obese
26,Female,59.3,1.51,181,129,71,1096.0,Strength,15.1,2.7,5,,26.01,102.0,Overweight
56,Female,45.1,1.73,165,129,73,482.0,Strength,25.4,2.6,3,,15.07,49.8,Underweight
46,Male,45.0,1.77,185,162,58,1187.0,Cardio,29.1,3.6,3,,14.36,88.8,Underweight
59,Male,89.4,1.62,198,125,59,885.0,Strength,23.5,3.6,3,,34.06,85.8,Obese
43,Male,127.7,1.69,171,155,53,875.0,Cardio,24.1,2.9,3,,44.71,68.39999999999999,Obese
52,Male,70.9,1.72,194,143,66,927.0,Strength,20.2,2.6,3,,23.97,78.60000000000001,Normal
42,Female,49.2,1.5,173,131,63,678.0,Hiit,27.7,1.5,3,,21.87,69.0,Normal
41,Female,62.3,1.79,181,162,73,1451.0,Yoga,19.0,2.7,5,,19.44,119.4,Normal
30,Male,64.1,1.87,182,142,67,500.0,Yoga,26.2,2.1,2,,18.33,38.4,Underweight
24,Female,69.7,1.75,166,146,60,1029.0,Cardio,32.5,2.0,3,,22.76,84.6,Normal
53,Female,56.9,1.59,199,164,65,1100.0,Hiit,29.5,2.0,3,,22.51,89.4,Normal
37,Female,53.0,1.71,184,156,50,881.0,Yoga,28.1,1.7,4,,18.13,67.8,Underweight
18,Female,72.7,1.55,172,125,56,525.0,Cardio,29.8,2.0,3,,30.26,50.4,Obese
25,Male,76.5,1.96,180,120,59,442.0,Strength,23.2,2.3,3,,19.91,40.2,Normal
33,Male,113.6,1.99,169,125,58,949.0,Strength,28.4,3.4,2,,28.69,82.8,Overweight
31,Female,62.5,1.62,168,169,74,1318.0,Hiit,16.5,2.7,4,,23.81,93.60000000000001,Normal
29,Male,95.2,1.86,174,141,52,496.0,Yoga,26.6,2.5,2,,27.52,38.4,Overweight
40,Male,51.7,1.82,161,160,71,792.0,Strength,21.4,3.0,3,,15.61,54.0,Underweight
32,Male,105.3,1.67,184,143,72,448.0,Cardio,26.9,2.9,3,,37.76,34.199999999999996,Obese
45,Female,71.2,1.68,172,144,63,888.0,Strength,34.1,1.6,3,,25.23,82.2,Overweight
51,Female,78.1,1.51,193,134,74,555.0,Strength,31.1,2.6,3,,34.25,55.2,Obese
19,Female,50.6,1.68,193,145,64,877.0,Yoga,30.6,2.1,3,,17.93,72.6,Underweight
49,Male,70.2,1.89,194,127,51,440.0,Yoga,29.6,2.6,3,,19.65,42.0,Normal
40,Female,62.6,1.53,197,143,73,1380.0,Cardio,18.1,2.7,5,,26.74,115.8,Overweight
39,Female,60.6,1.65,162,167,63,768.0,Hiit,27.6,1.7,3,,22.26,55.2,Normal
42,Male,76.4,1.97,165,157,65,886.0,Hiit,22.9,2.6,3,,19.69,68.39999999999999,Normal
39,Female,63.3,1.71,178,125,56,1175.0,Strength,18.5,2.7,4,,21.65,112.8,Normal
39,Female,68.6,1.64,162,154,53,1024.0,Cardio,32.4,1.5,3,,25.51,79.80000000000001,Overweight
59,Male,123.3,1.88,177,161,67,1036.0,Hiit,23.0,2.6,4,,34.89,78.0,Obese
23,Male,107.0,1.94,198,120,73,891.0,Hiit,23.5,2.9,2,,28.43,81.0,Overweight
32,Male,68.3,1.92,168,165,54,1289.0,Strength,29.9,3.5,2,,18.53,85.19999999999999,Normal
54,Female,47.8,1.6,171,155,55,830.0,Cardio,26.0,2.3,4,,18.67,71.39999999999999,Normal
50,Female,58.4,1.79,164,131,56,943.0,Hiit,17.0,2.7,4,,18.23,96.0,Underweight
25,Female,74.3,1.71,162,157,64,1123.0,Yoga,25.6,1.6,3,,25.41,85.8,Overweight
22,Male,106.8,1.82,170,130,50,715.0,Yoga,28.2,2.3,4,,32.24,60.0,Obese
56,Male,125.5,1.8,189,131,73,817.0,Strength,20.9,2.7,4,,38.73,75.6,Obese
21,Female,55.2,1.55,163,161,53,1103.0,Strength,31.7,1.7,4,,22.98,82.2,Normal
23,Female,71.4,1.72,164,169,74,1056.0,Strength,25.6,1.5,2,,24.13,75.0,Normal
49,Male,77.7,1.61,160,158,50,806.0,Strength,26.7,3.4,3,,29.98,61.800000000000004,Obese
47,Male,88.4,1.6,186,126,60,1160.0,Hiit,14.2,3.5,5,,34.53,111.60000000000001,Obese
52,Male,104.8,1.99,187,130,67,598.0,Cardio,24.0,2.0,2,,26.46,55.800000000000004,Overweight
57,Male,82.2,1.69,188,155,63,882.0,Strength,25.2,3.4,4,,28.78,69.0,Overweight
33,Female,68.2,1.75,177,150,71,638.0,Strength,29.0,1.7,2,,22.27,51.0,Normal
30,Male,91.4,1.99,171,152,60,1145.0,Hiit,23.0,3.7,3,,23.08,82.2,Normal
59,Female,42.1,1.65,172,132,59,725.0,Strength,33.0,2.2,2,,15.46,73.2,Underweight
47,Female,68.7,1.76,161,137,66,845.0,Strength,27.7,2.4,3,,22.18,82.2,Normal
36,Female,47.2,1.74,196,160,53,1200.0,Cardio,32.2,1.6,4,,15.59,90.0,Underweight
34,Male,92.0,1.76,175,143,73,574.0,Yoga,22.1,3.5,3,,29.7,43.8,Overweight
36,Male,56.2,1.95,183,128,64,767.0,Strength,22.5,3.4,4,,14.78,65.4,Underweight
45,Male,58.4,1.72,194,150,65,973.0,Hiit,23.4,3.1,4,,19.74,78.60000000000001,Normal
43,Male,82.9,1.95,181,160,70,1505.0,Cardio,12.9,3.5,5,,21.8,114.0,Normal
54,Female,66.9,1.74,195,129,62,720.0,Hiit,29.5,2.1,2,,22.1,74.4,Normal
43,Male,66.3,1.85,170,121,58,707.0,Cardio,27.5,3.2,2,,19.37,70.8,Normal
40,Male,93.6,1.93,188,157,60,1192.0,Cardio,22.1,2.0,3,,25.13,82.8,Overweight
26,Female,64.1,1.5,194,134,60,1293.0,Strength,15.1,2.7,5,,28.49,115.8,Overweight
29,Male,86.7,1.62,174,122,55,1020.0,Strength,13.9,3.5,4,,33.04,91.2,Obese
18,Female,62.0,1.59,190,162,50,996.0,Strength,33.2,2.2,4,,24.52,73.8,Normal
18,Female,58.1,1.61,175,150,71,1425.0,Yoga,15.3,2.7,4,,22.41,114.0,Normal
51,Female,64.9,1.6,169,125,55,838.0,Yoga,31.1,2.5,4,,25.35,89.4,Overweight
49,Female,69.3,1.62,191,122,62,626.0,Hiit,28.8,1.9,4,,26.41,68.39999999999999,Overweight
42,Female,42.7,1.74,161,130,71,608.0,Strength,32.9,1.6,3,,14.1,62.400000000000006,Underweight
57,Female,51.4,1.63,183,134,73,724.0,Yoga,33.7,2.0,4,,19.35,72.0,Normal
18,Female,67.4,1.6,182,164,71,492.0,Strength,33.5,2.4,3,,26.33,36.0,Overweight
33,Female,55.6,1.61,161,147,54,1301.0,Yoga,18.9,2.7,4,,21.45,106.2,Normal
56,Male,125.3,1.86,197,129,64,639.0,Yoga,22.7,2.2,3,,36.22,60.0,Obese
22,Male,102.1,1.85,190,157,67,1278.0,Cardio,28.1,2.4,4,,29.83,88.8,Overweight
39,Male,61.9,1.77,199,166,69,1205.0,Strength,25.3,2.3,3,,19.76,79.2,Normal
46,Male,108.8,1.64,185,169,63,1171.0,Strength,20.5,3.4,3,,40.45,84.0,Obese
20,Female,51.1,1.58,188,169,64,422.0,Yoga,29.6,1.6,2,,20.47,30.0,Normal
29,Male,81.7,1.99,162,126,54,1005.0,Strength,29.4,3.2,2,,20.63,87.0,Normal
43,Female,42.7,1.66,173,134,53,440.0,Yoga,33.9,1.9,2,,15.5,43.8,Underweight
33,Male,81.8,1.99,184,137,51,1198.0,Strength,10.5,3.5,4,,20.66,95.4,Normal
54,Male,54.6,1.76,160,137,56,868.0,Cardio,27.4,3.3,4,,17.63,76.8,Underweight
39,Male,107.7,1.88,162,160,59,634.0,Strength,28.1,3.6,2,,30.47,43.199999999999996,Obese
46,Female,56.9,1.6,185,143,65,566.0,Cardio,27.7,1.6,3,,22.23,52.8,Normal
31,Male,78.8,1.71,177,121,59,992.0,Hiit,24.7,2.5,4,,26.95,89.4,Overweight
45,Female,48.2,1.64,168,159,67,894.0,Strength,32.1,2.5,4,,17.92,75.0,Underweight
22,Female,50.7,1.59,197,139,66,883.0,Strength,29.4,1.8,3,,20.05,76.2,Normal
47,Male,86.6,1.99,182,153,70,1500.0,Strength,10.6,3.5,4,,21.87,118.8,Normal
22,Male,96.3,1.63,180,162,62,1203.0,Cardio,27.1,2.4,4,,36.25,81.0,Obese
29,Male,80.8,1.98,160,145,50,1316.0,Strength,14.6,3.5,5,,20.61,99.0,Normal
33,Female,58.0,1.53,180,126,50,1159.0,Strength,18.3,2.7,5,,24.78,110.4,Normal
43,Male,95.9,1.85,186,157,64,995.0,Yoga,27.7,3.4,2,,28.02,76.8,Overweight
43,Female,61.5,1.58,165,149,50,1247.0,Hiit,16.8,2.7,5,,24.64,111.60000000000001,Normal
38,Female,40.6,1.79,195,161,55,499.0,Cardio,26.8,2.7,2,,12.67,37.2,Underweight
56,Male,82.5,1.87,187,124,74,927.0,Yoga,13.2,3.5,5,,23.59,90.6,Normal
53,Male,105.1,1.84,176,130,62,444.0,Cardio,23.3,2.9,3,,31.04,41.4,Obese
50,Female,58.1,1.58,199,120,50,1042.0,Yoga,19.3,2.7,5,,23.27,115.8,Normal
47,Female,61.0,1.76,162,153,54,1060.0,Hiit,15.6,2.7,5,,19.69,92.4,Normal
54,Female,64.5,1.53,171,120,58,940.0,Yoga,17.2,2.7,4,,27.55,104.4,Overweight
40,Male,58.2,1.98,198,138,74,1085.0,Cardio,24.0,2.5,3,,14.85,85.8,Underweight
27,Female,69.5,1.76,171,121,66,569.0,Strength,34.4,2.0,3,,22.44,56.4,Normal
22,Male,62.2,1.84,161,140,65,393.0,Strength,21.5,2.3,3,,18.37,30.6,Underweight
53,Female,68.0,1.7,181,139,57,663.0,Hiit,25.1,2.4,4,,23.53,63.6,Normal
51,Female,56.3,1.5,182,142,66,914.0,Cardio,27.4,2.4,3,,25.02,85.8,Overweight
48,Male,94.5,1.7,189,140,64,700.0,Cardio,28.2,3.5,3,,32.7,60.6,Obese
27,Female,58.0,1.79,164,143,73,994.0,Cardio,27.1,1.5,2,,18.1,83.39999999999999,Underweight
36,Male,84.0,1.94,168,123,50,1218.0,Hiit,11.2,3.5,5,,22.32,108.0,Normal
49,Male,61.0,1.87,180,131,61,739.0,Strength,21.3,3.0,4,,17.44,68.39999999999999,Underweight
18,Female,64.8,1.53,170,141,54,1396.0,Yoga,18.6,2.7,5,,27.68,118.8,Overweight
22,Male,45.7,1.77,164,139,73,795.0,Hiit,20.7,2.4,3,,14.59,62.400000000000006,Underweight
21,Male,80.9,1.9,194,137,55,1356.0,Yoga,11.7,3.5,4,,22.41,108.0,Normal
33,Female,64.1,1.63,186,120,74,948.0,Strength,16.4,2.7,5,,24.13,94.80000000000001,Normal
41,Male,67.0,1.77,161,149,50,900.0,Hiit,25.6,2.6,3,,21.39,73.2,Normal
33,Male,106.5,1.6,183,152,74,1170.0,Strength,27.3,3.3,4,,41.6,84.0,Obese
19,Male,95.1,1.85,190,143,50,952.0,Yoga,25.3,2.3,4,,27.79,72.6,Overweight
45,Female,65.5,1.57,192,133,59,395.0,Cardio,34.3,2.3,2,,26.57,39.6,Overweight
49,Male,105.7,1.64,198,155,59,921.0,Cardio,29.5,3.1,3,,39.3,72.0,Obese
44,Female,48.0,1.76,189,124,52,491.0,Yoga,28.6,2.6,2,,15.5,52.8,Underweight
37,Female,69.5,1.5,196,130,66,448.0,Cardio,32.8,2.4,2,,30.89,41.4,Obese
41,Male,66.1,1.69,187,143,68,545.0,Yoga,27.4,3.4,2,,23.14,46.2,Normal
29,Male,68.0,1.7,190,150,60,627.0,Hiit,28.9,2.9,2,,23.53,45.6,Normal
52,Male,50.3,1.78,170,132,67,555.0,Hiit,24.5,2.3,2,,15.88,51.0,Underweight
50,Female,69.3,1.68,182,135,51,729.0,Hiit,30.3,2.0,2,,24.55,72.0,Normal
50,Male,86.7,1.63,161,143,58,1203.0,Cardio,12.1,3.5,4,,32.63,102.0,Obese
54,Male,125.9,1.94,199,132,73,882.0,Strength,28.5,2.9,3,,33.45,81.0,Obese
29,Male,88.1,1.93,186,143,66,1479.0,Cardio,11.1,3.5,5,,23.65,112.8,Normal
20,Male,124.3,1.82,194,145,63,997.0,Cardio,22.4,3.2,3,,37.53,75.0,Obese
18,Male,62.0,1.85,161,121,53,586.0,Strength,23.7,3.0,3,,18.12,52.8,Underweight
50,Female,69.7,1.72,198,135,66,753.0,Strength,27.3,2.0,4,,23.56,74.4,Normal
57,Female,60.9,1.52,196,157,66,926.0,Strength,30.6,1.8,3,,26.36,78.60000000000001,Overweight
27,Male,76.5,1.97,180,165,61,1025.0,Strength,21.3,2.3,2,,19.71,67.8,Normal
46,Male,94.7,1.82,164,120,69,873.0,Cardio,23.2,3.2,3,,28.59,88.2,Overweight
30,Male,67.9,1.75,180,168,67,1155.0,Yoga,29.1,3.1,2,,22.17,75.0,Normal
29,Male,121.1,1.87,188,130,52,937.0,Hiit,24.1,3.2,4,,34.63,78.60000000000001,Obese
48,Female,71.5,1.64,179,154,60,1012.0,Yoga,32.5,1.9,4,,26.58,87.6,Overweight
19,Male,98.6,1.7,197,162,74,740.0,Cardio,21.1,2.4,2,,34.12,49.8,Obese
52,Female,68.2,1.63,179,148,67,779.0,Strength,27.5,2.4,3,,25.67,70.19999999999999,Overweight
40,Female,57.7,1.69,184,156,53,920.0,Hiit,33.1,2.4,4,,20.2,70.8,Normal
34,Male,124.6,1.63,161,136,66,1055.0,Hiit,27.6,2.8,3,,46.9,84.6,Obese
43,Female,73.0,1.59,191,158,67,931.0,Yoga,28.9,2.2,3,,28.88,78.60000000000001,Overweight
25,Female,59.4,1.51,185,161,54,1304.0,Cardio,19.8,2.7,5,,26.05,97.2,Overweight
46,Female,52.0,1.65,165,147,63,463.0,Cardio,34.1,1.9,2,,19.1,42.0,Normal
43,Female,42.2,1.65,162,148,59,886.0,Cardio,34.6,2.3,3,,15.5,79.80000000000001,Underweight
27,Male,89.3,1.64,192,162,64,1610.0,Hiit,12.1,3.5,4,,33.2,109.2,Obese
43,Male,110.0,1.76,160,122,50,658.0,Yoga,22.0,3.4,3,,35.51,65.4,Obese
51,Female,66.2,1.58,164,129,65,499.0,Hiit,31.3,2.3,3,,26.52,51.6,Overweight
58,Male,58.6,1.66,172,161,60,964.0,Hiit,26.8,2.9,2,,21.27,72.6,Normal
24,Male,51.0,1.67,178,133,72,710.0,Strength,21.3,2.8,3,,18.29,58.199999999999996,Underweight
21,Male,101.5,1.95,171,131,69,699.0,Yoga,27.9,3.1,3,,26.69,58.199999999999996,Overweight
28,Male,114.2,1.87,184,166,55,959.0,Strength,20.2,3.2,3,,32.66,63.0,Obese
46,Male,54.4,1.72,194,161,73,725.0,Cardio,24.8,2.9,2,,18.39,54.6,Underweight
53,Female,52.4,1.57,171,149,71,898.0,Hiit,28.3,2.2,3,,21.26,80.4,Normal
42,Male,85.2,1.81,189,151,65,1151.0,Yoga,13.7,3.5,5,,26.01,92.4,Overweight
38,Male,83.6,1.74,164,151,51,1379.0,Cardio,11.6,3.5,5,,27.61,99.6,Overweight
53,Male,115.4,1.92,193,161,50,1084.0,Yoga,28.3,2.2,4,,31.3,81.60000000000001,Obese
27,Male,71.2,1.97,181,151,73,615.0,Hiit,25.9,3.6,3,,18.35,44.4,Underweight
54,Female,78.1,1.6,198,145,73,718.0,Yoga,32.9,2.4,4,,30.51,66.0,Obese
26,Female,54.2,1.65,172,120,58,642.0,Cardio,34.9,1.9,4,,19.91,64.2,Normal
41,Female,77.6,1.76,162,161,71,920.0,Strength,31.8,2.2,4,,25.05,76.2,Overweight
52,Female,44.1,1.62,179,121,61,768.0,Hiit,34.8,1.6,3,,16.8,84.6,Underweight
52,Male,85.5,1.8,190,136,66,1144.0,Strength,10.1,3.5,5,,26.39,102.0,Overweight
53,Female,47.8,1.76,164,149,74,711.0,Hiit,28.4,1.5,4,,15.43,63.6,Underweight
35,Male,102.5,1.94,183,158,64,730.0,Cardio,21.1,2.4,2,,27.23,50.4,Overweight
56,Male,118.0,1.9,199,126,68,412.0,Hiit,22.6,3.2,2,,32.69,39.6,Obese
49,Male,82.3,1.84,192,146,71,932.0,Strength,28.4,3.4,4,,24.31,77.4,Normal
41,Male,81.6,1.87,167,128,59,1185.0,Hiit,10.2,3.5,5,,23.33,112.2,Normal
40,Male,60.2,1.88,183,141,61,946.0,Cardio,25.2,3.0,3,,17.03,73.2,Underweight
49,Female,49.2,1.54,179,153,63,881.0,Hiit,30.7,2.1,3,,20.75,76.8,Normal
54,Female,46.6,1.5,175,165,58,1025.0,Strength,30.6,2.0,2,,20.71,82.8,Normal
29,Female,68.7,1.72,171,168,62,907.0,Cardio,29.8,1.7,4,,23.22,64.80000000000001,Normal
30,Female,60.6,1.55,172,120,52,780.0,Strength,32.9,1.6,3,,25.22,78.0,Overweight
40,Male,52.1,1.61,198,128,70,612.0,Hiit,21.3,3.3,2,,20.1,52.2,Normal
42,Female,46.6,1.77,184,139,63,382.0,Yoga,28.1,2.6,2,,14.87,36.6,Underweight
52,Male,65.5,1.74,191,138,70,1011.0,Strength,26.2,2.8,4,,21.63,88.8,Normal
58,Female,44.2,1.57,183,155,59,753.0,Hiit,31.9,2.3,3,,17.93,64.80000000000001,Underweight
47,Male,89.1,1.84,168,159,65,1133.0,Yoga,24.0,3.6,3,,26.32,86.39999999999999,Overweight
34,Male,65.9,1.62,199,164,56,731.0,Yoga,28.8,2.2,2,,25.11,48.6,Overweight
37,Female,55.6,1.57,182,123,53,597.0,Cardio,29.2,2.4,2,,22.56,58.199999999999996,Normal
42,Male,63.7,1.98,172,128,69,868.0,Yoga,24.0,3.0,2,,16.25,82.2,Underweight
39,Male,86.2,1.82,191,160,72,1610.0,Strength,10.2,3.5,5,,26.02,117.6,Overweight
30,Female,59.2,1.63,174,141,74,1304.0,Strength,17.8,2.7,4,,22.28,111.0,Normal
36,Male,85.4,1.88,195,137,60,1492.0,Yoga,13.5,3.5,5,,24.16,118.8,Normal
53,Female,68.1,1.55,164,131,65,831.0,Hiit,26.1,2.2,4,,28.35,84.6,Overweight
29,Female,60.0,1.62,181,161,69,684.0,Strength,28.1,1.9,2,,22.86,51.0,Normal
58,Female,74.8,1.69,175,162,53,933.0,Strength,32.8,2.3,4,,26.19,76.8,Overweight
36,Male,90.3,1.65,169,158,71,1199.0,Cardio,23.7,3.4,4,,33.17,82.8,Obese
29,Male,86.1,1.65,183,128,71,1169.0,Hiit,11.2,3.5,4,,31.63,99.6,Obese
26,Male,73.7,1.66,177,125,72,639.0,Yoga,26.7,2.2,2,,26.75,55.800000000000004,Overweight
24,Female,67.7,1.56,177,138,66,980.0,Hiit,27.0,2.1,3,,27.82,85.19999999999999,Overweight
45,Male,78.3,1.96,166,167,62,1066.0,Cardio,29.0,2.2,3,,20.38,77.4,Normal
31,Female,48.2,1.65,163,166,60,913.0,Cardio,26.1,2.5,2,,17.7,66.0,Underweight
48,Female,56.8,1.51,185,126,52,777.0,Hiit,32.1,2.1,4,,24.91,82.2,Obese
36,Male,112.4,1.63,164,135,58,757.0,Cardio,25.0,3.4,4,,42.3,61.2,Obese
33,Female,59.0,1.67,175,124,55,558.0,Cardio,33.7,1.9,3,,21.16,54.0,Normal
22,Male,98.4,1.88,194,135,71,386.0,Cardio,21.3,2.2,2,,27.84,31.200000000000003,Overweight
52,Male,66.5,1.6,185,120,70,796.0,Hiit,26.8,2.1,4,,25.98,80.4,Overweight
29,Male,106.5,1.81,177,156,60,1107.0,Cardio,25.7,2.5,4,,32.51,77.4,Obese
42,Male,88.4,1.93,188,158,65,1314.0,Yoga,12.4,3.5,4,,23.73,100.8,Normal
38,Male,88.4,1.79,182,138,68,1321.0,Yoga,12.5,3.5,5,,27.59,104.4,Overweight
53,Female,53.3,1.74,173,156,54,962.0,Strength,32.2,1.8,3,,17.6,82.2,Underweight
40,Female,58.1,1.56,174,136,63,415.0,Yoga,34.4,2.2,2,,23.87,36.6,Normal
33,Female,74.2,1.76,192,145,66,834.0,Strength,25.9,1.5,4,,23.95,69.0,Normal
56,Male,84.6,1.63,184,141,52,705.0,Hiit,20.2,2.9,4,,31.84,60.6,Obese
59,Male,78.0,1.92,180,127,53,453.0,Cardio,28.1,2.7,3,,21.16,43.199999999999996,Normal
56,Male,89.0,1.68,176,152,65,1332.0,Yoga,10.5,3.5,5,,31.53,106.2,Obese
31,Female,42.7,1.76,182,121,65,883.0,Strength,34.9,2.2,3,,13.78,87.6,Underweight
48,Male,83.9,1.82,176,149,70,1401.0,Hiit,13.1,3.5,5,,25.33,114.0,Overweight
22,Female,78.7,1.52,173,166,74,1204.0,Strength,31.5,2.3,3,,34.06,87.0,Obese
52,Female,65.9,1.52,188,139,53,794.0,Cardio,27.0,2.3,4,,28.52,76.2,Overweight
40,Male,76.9,1.92,179,137,68,851.0,Yoga,22.4,3.7,4,,20.86,67.8,Normal
46,Male,84.3,2.0,189,162,66,1467.0,Hiit,13.3,3.5,5,,21.07,109.80000000000001,Normal
28,Female,62.4,1.6,178,129,62,710.0,Strength,34.1,1.7,3,,24.37,66.0,Normal
35,Male,63.7,1.74,198,143,71,810.0,Hiit,29.8,2.7,4,,21.04,61.800000000000004,Normal
29,Female,54.9,1.52,172,123,72,910.0,Strength,27.0,2.0,3,,23.76,88.8,Normal
26,Male,76.4,1.79,177,156,73,1004.0,Strength,21.3,2.7,3,,23.84,70.19999999999999,Normal
27,Male,106.4,1.86,182,123,50,907.0,Cardio,20.6,3.1,2,,30.76,80.4,Obese
34,Female,68.4,1.5,192,132,61,904.0,Cardio,33.7,2.1,4,,30.4,82.2,Obese
55,Male,63.5,1.86,198,144,53,969.0,Strength,22.9,2.9,4,,18.35,81.60000000000001,Underweight
24,Female,59.4,1.5,199,132,60,825.0,Yoga,25.0,2.0,3,,26.4,75.0,Overweight
30,Male,113.4,1.91,177,137,54,957.0,Hiit,22.2,3.7,3,,31.08,76.2,Obese
57,Female,61.9,1.52,168,143,51,592.0,Hiit,28.4,2.6,3,,26.79,55.2,Overweight
59,Female,70.7,1.68,192,121,66,637.0,Cardio,34.9,1.9,3,,25.05,70.19999999999999,Overweight
26,Male,111.5,1.9,191,167,57,937.0,Yoga,25.2,2.2,2,,30.89,61.2,Obese
44,Female,72.1,1.66,176,152,55,958.0,Strength,27.0,2.5,2,,26.16,84.0,Overweight
19,Male,56.9,1.87,178,138,70,463.0,Cardio,23.3,3.7,3,,16.27,36.6,Underweight
22,Male,86.2,1.9,186,128,58,1345.0,Strength,11.7,3.5,5,,23.88,114.6,Normal
46,Male,59.4,1.68,165,147,62,844.0,Strength,20.2,2.5,4,,21.05,69.6,Normal
54,Female,75.6,1.72,194,154,60,672.0,Cardio,26.4,1.9,3,,25.55,58.199999999999996,Overweight
55,Female,76.3,1.73,196,158,65,768.0,Yoga,32.0,2.6,3,,25.49,64.80000000000001,Overweight
36,Male,95.8,1.86,193,129,65,972.0,Hiit,21.2,3.2,3,,27.69,82.2,Overweight
25,Male,120.6,1.83,179,120,51,686.0,Cardio,22.3,2.5,3,,36.01,62.400000000000006,Obese
18,Female,65.3,1.55,184,161,59,1143.0,Yoga,28.5,2.2,3,,27.18,85.19999999999999,Overweight
39,Male,85.3,1.89,163,140,61,593.0,Strength,27.6,3.6,2,,23.88,46.2,Normal
34,Male,68.0,1.68,169,128,57,472.0,Cardio,25.8,3.4,2,,24.09,40.2,Normal
24,Female,52.6,1.57,169,166,60,1071.0,Hiit,31.9,2.4,2,,21.34,77.4,Normal
42,Male,63.3,1.77,183,134,59,876.0,Hiit,25.7,3.3,3,,20.2,79.2,Normal
21,Female,76.3,1.65,180,154,62,878.0,Strength,31.8,1.7,3,,28.03,68.39999999999999,Overweight
53,Male,61.0,1.63,170,124,74,331.0,Cardio,20.0,3.4,3,,22.96,32.400000000000006,Normal
23,Female,67.8,1.61,186,160,66,1072.0,Hiit,34.3,1.8,2,,26.16,80.4,Overweight
48,Male,114.9,1.86,175,141,56,949.0,Cardio,21.1,3.6,3,,33.21,81.60000000000001,Obese
36,Male,88.0,1.71,185,160,73,1610.0,Hiit,12.0,3.5,5,,30.09,112.2,Obese
56,Female,67.7,1.58,189,142,52,927.0,Strength,32.7,1.9,2,,27.12,87.0,Overweight
44,Male,124.8,1.85,175,126,69,842.0,Strength,24.4,3.5,4,,36.46,81.0,Obese
27,Female,53.0,1.58,166,142,62,895.0,Cardio,34.5,1.8,4,,21.23,75.6,Normal
43,Male,61.2,1.88,175,163,68,831.0,Yoga,24.7,2.9,3,,17.32,61.800000000000004,Underweight
36,Female,48.7,1.68,194,144,56,886.0,Yoga,33.7,1.6,3,,17.25,73.8,Underweight
56,Female,50.6,1.7,175,146,58,848.0,Strength,33.1,2.3,2,,17.51,77.4,Underweight
20,Female,72.6,1.73,199,160,68,1016.0,Hiit,34.8,2.5,3,,24.26,76.2,Normal
30,Female,70.4,1.56,171,125,62,644.0,Yoga,34.3,2.4,4,,28.93,61.800000000000004,Overweight
45,Male,52.5,1.88,194,153,71,818.0,Strength,29.0,2.9,4,,14.85,64.80000000000001,Underweight
37,Male,76.3,1.77,180,128,57,957.0,Hiit,27.3,2.1,4,,24.35,81.60000000000001,Normal
45,Female,41.2,1.58,195,168,71,1111.0,Hiit,28.7,2.6,2,,16.5,88.2,Underweight
25,Female,55.3,1.76,176,152,67,1186.0,Yoga,15.5,2.7,4,,17.85,93.60000000000001,Underweight
58,Female,49.7,1.67,191,125,72,776.0,Strength,31.9,2.3,4,,17.82,82.8,Underweight
56,Male,48.3,1.87,165,156,51,525.0,Hiit,29.8,3.3,3,,13.81,40.800000000000004,Underweight
18,Male,83.2,1.96,183,150,67,1510.0,Hiit,13.6,3.5,4,,21.66,109.80000000000001,Normal
20,Male,120.5,1.73,186,153,67,850.0,Cardio,29.3,3.4,3,,40.26,60.6,Obese
30,Male,121.6,2.0,179,160,60,1091.0,Cardio,28.0,3.3,4,,30.4,74.4,Obese
45,Female,73.0,1.75,184,148,50,759.0,Yoga,26.6,2.0,4,,23.84,68.39999999999999,Normal
42,Female,57.5,1.67,161,133,63,1053.0,Cardio,16.2,2.7,5,,20.62,105.6,Normal
50,Female,42.7,1.53,168,155,65,983.0,Strength,28.4,2.4,4,,18.24,84.6,Underweight
55,Male,129.9,1.73,187,155,60,529.0,Yoga,21.7,3.1,3,,43.4,41.4,Obese
23,Male,108.6,1.92,197,134,50,656.0,Yoga,25.8,3.5,2,,29.46,53.4,Overweight
49,Male,88.6,2.0,162,127,56,1150.0,Cardio,14.9,3.5,4,,22.15,109.80000000000001,Normal
38,Female,49.7,1.51,179,145,65,906.0,Hiit,32.6,2.5,3,,21.8,75.0,Normal
33,Female,56.4,1.54,165,155,63,822.0,Strength,29.2,1.5,3,,23.78,63.6,Normal
38,Male,46.9,1.74,198,167,64,946.0,Strength,20.0,2.6,4,,15.49,61.800000000000004,Underweight
28,Female,71.3,1.67,192,140,63,1022.0,Strength,28.1,1.5,4,,25.57,87.6,Overweight
54,Male,71.6,1.86,160,147,70,830.0,Yoga,25.3,2.2,3,,20.7,68.39999999999999,Normal
53,Male,82.3,1.61,196,123,60,1139.0,Strength,11.6,3.5,5,,31.75,112.2,Obese
52,Female,70.6,1.69,165,135,65,826.0,Hiit,26.1,2.2,3,,24.72,81.60000000000001,Normal
36,Male,109.8,1.62,193,141,68,651.0,Hiit,24.4,3.5,3,,41.84,50.4,Obese
37,Female,73.5,1.69,174,131,66,354.0,Cardio,27.5,1.6,2,,25.73,32.400000000000006,Overweight
35,Male,85.6,1.85,185,135,55,1322.0,Strength,14.5,3.5,5,,25.01,106.8,Overweight
58,Female,74.6,1.68,173,159,60,737.0,Yoga,26.0,2.0,4,,26.43,61.800000000000004,Overweight
31,Female,63.2,1.8,166,157,66,463.0,Cardio,25.5,2.6,2,,19.51,35.4,Normal
32,Female,62.6,1.63,190,161,58,1344.0,Hiit,15.0,2.7,5,,23.56,100.19999999999999,Normal
48,Male,87.1,1.76,183,156,67,1398.0,Strength,11.6,3.5,5,,28.12,108.60000000000001,Overweight
18,Male,82.3,1.84,190,148,66,1408.0,Hiit,13.3,3.5,5,,24.31,103.8,Normal
20,Female,64.3,1.78,188,137,61,1171.0,Cardio,18.7,2.7,4,,20.29,102.6,Normal
33,Female,53.7,1.66,191,129,72,806.0,Hiit,29.5,2.5,3,,19.49,75.0,Normal
40,Male,63.0,2.0,176,161,71,1257.0,Strength,26.8,2.9,4,,15.75,85.19999999999999,Underweight
28,Male,128.4,1.86,173,158,71,921.0,Strength,23.6,3.3,4,,37.11,63.6,Obese
29,Male,88.0,1.89,199,137,54,1319.0,Cardio,13.3,3.5,5,,24.64,105.0,Normal
27,Female,63.7,1.52,195,120,60,714.0,Strength,25.4,2.1,4,,27.57,71.39999999999999,Overweight
49,Male,83.7,1.87,183,158,53,1009.0,Hiit,23.9,2.3,4,,23.94,77.4,Normal
33,Male,102.6,1.75,186,140,53,1078.0,Hiit,27.9,2.2,3,,33.5,84.0,Obese
25,Female,77.7,1.55,184,120,52,330.0,Yoga,33.0,1.7,2,,32.34,33.0,Obese
55,Male,87.5,1.88,191,134,73,789.0,Yoga,27.2,2.6,4,,24.76,71.39999999999999,Normal
29,Male,87.0,1.86,177,123,72,1028.0,Yoga,11.0,3.5,4,,25.15,91.2,Overweight
41,Male,82.8,1.66,177,139,74,1355.0,Hiit,11.2,3.5,5,,30.05,118.2,Obese
45,Female,65.4,1.68,196,129,66,441.0,Hiit,35.0,2.6,3,,23.17,45.6,Normal
25,Female,47.2,1.71,185,142,56,632.0,Cardio,26.0,2.5,2,,16.14,53.4,Underweight
45,Female,58.2,1.7,168,160,53,684.0,Yoga,26.8,2.0,3,,20.14,57.0,Normal
53,Female,73.5,1.55,194,153,72,806.0,Hiit,26.3,2.1,4,,30.59,70.19999999999999,Obese
43,Female,55.2,1.73,167,165,62,1240.0,Cardio,16.6,2.7,5,,18.44,100.19999999999999,Underweight
25,Female,64.4,1.71,179,167,61,935.0,Hiit,27.1,1.8,3,,22.02,67.2,Normal
45,Female,73.5,1.74,181,152,50,807.0,Cardio,30.0,2.3,4,,24.28,70.8,Normal
45,Male,89.6,1.81,178,153,70,1287.0,Yoga,12.4,3.5,5,,27.35,102.0,Overweight
54,Male,86.5,1.76,189,158,68,1158.0,Yoga,29.0,3.4,3,,27.92,88.8,Overweight
58,Female,46.1,1.67,187,129,70,743.0,Yoga,25.3,1.8,4,,16.53,76.8,Underweight
53,Male,68.5,1.97,194,139,69,894.0,Hiit,23.2,2.1,3,,17.65,78.0,Underweight
44,Male,94.6,1.84,170,120,67,748.0,Hiit,26.0,3.1,4,,27.94,75.6,Overweight
34,Female,54.2,1.52,190,132,60,746.0,Cardio,31.0,2.2,3,,23.46,67.8,Normal
26,Male,47.7,1.77,198,120,69,759.0,Strength,24.8,2.7,3,,15.23,69.0,Underweight
50,Male,52.2,1.84,195,124,52,847.0,Strength,28.2,3.1,4,,15.42,82.8,Underweight
37,Male,88.8,1.95,189,135,66,1173.0,Yoga,10.3,3.5,5,,23.35,94.80000000000001,Normal
30,Male,101.0,1.68,182,134,61,1076.0,Strength,28.2,2.9,4,,35.79,87.6,Obese
45,Male,118.4,1.95,178,168,59,881.0,Yoga,24.9,2.4,3,,31.14,63.6,Obese
46,Female,47.9,1.72,171,147,57,933.0,Cardio,26.3,2.0,3,,16.19,84.6,Underweight
30,Female,51.5,1.74,174,150,64,810.0,Strength,33.9,2.0,3,,17.01,64.80000000000001,Underweight
52,Female,79.9,1.51,190,142,54,479.0,Strength,31.5,2.6,3,,35.04,45.0,Obese
23,Male,121.3,1.85,196,167,53,661.0,Yoga,21.6,3.6,2,,35.44,43.199999999999996,Obese
35,Female,78.9,1.64,196,164,70,1050.0,Cardio,25.3,2.6,4,,29.34,76.8,Overweight
22,Male,88.5,1.62,174,162,69,1610.0,Strength,10.7,3.5,5,,33.72,112.8,Obese
42,Male,73.5,1.63,188,136,68,350.0,Strength,26.1,3.2,3,,27.66,31.200000000000003,Overweight
19,Male,127.9,1.93,185,168,70,1173.0,Strength,21.8,3.0,4,,34.34,76.2,Obese
27,Male,88.5,1.98,161,153,53,1515.0,Cardio,11.1,3.5,4,,22.57,108.0,Normal
47,Female,43.4,1.62,179,132,64,303.0,Cardio,25.3,2.3,3,,16.54,30.6,Underweight
22,Female,42.8,1.56,174,133,66,978.0,Strength,32.2,2.6,3,,17.59,88.2,Underweight
50,Male,64.5,1.79,163,130,61,753.0,Yoga,28.1,2.4,4,,20.13,70.19999999999999,Normal
18,Female,50.7,1.53,181,147,52,948.0,Yoga,33.0,2.1,3,,21.66,77.4,Normal
35,Male,59.2,1.66,197,161,59,1151.0,Strength,21.3,3.2,3,,21.48,78.0,Normal
49,Female,78.9,1.73,182,151,64,938.0,Cardio,34.0,2.3,2,,26.36,82.8,Overweight
28,Female,78.7,1.63,185,154,59,847.0,Strength,31.7,1.8,3,,29.62,66.0,Overweight
38,Male,68.7,1.92,170,150,73,1081.0,Cardio,29.0,3.0,4,,18.64,78.60000000000001,Normal
43,Female,53.1,1.59,187,136,72,502.0,Strength,29.5,2.5,2,,21.0,49.199999999999996,Normal
42,Male,64.8,1.65,161,166,67,904.0,Cardio,24.4,2.8,3,,23.8,66.0,Normal
39,Female,50.3,1.61,167,128,50,749.0,Hiit,32.8,2.5,2,,19.41,70.19999999999999,Normal
44,Male,102.3,1.63,188,129,52,856.0,Yoga,20.9,2.6,4,,38.5,80.4,Obese
30,Male,62.9,1.92,170,127,70,789.0,Hiit,25.2,3.6,2,,17.06,67.8,Underweight
50,Female,56.5,1.6,196,140,61,1184.0,Yoga,19.2,2.7,5,,22.07,112.8,Normal
51,Female,74.6,1.55,177,132,50,422.0,Cardio,33.3,2.1,2,,31.05,42.599999999999994,Obese
58,Male,52.0,1.79,173,169,52,937.0,Hiit,29.6,3.0,3,,16.23,67.2,Underweight
52,Female,52.1,1.67,169,124,52,837.0,Yoga,32.0,1.5,2,,18.68,90.0,Normal
18,Female,72.2,1.54,194,125,54,606.0,Strength,27.1,1.7,2,,30.44,58.199999999999996,Obese
38,Male,85.8,1.8,168,149,68,1410.0,Cardio,10.1,3.5,4,,26.48,103.2,Overweight
23,Male,81.4,1.85,194,150,74,1320.0,Cardio,12.4,3.5,4,,23.78,96.0,Normal
45,Female,50.9,1.65,170,136,50,887.0,Strength,30.1,2.3,2,,18.7,87.0,Normal
34,Male,52.0,1.78,171,130,53,987.0,Strength,22.4,2.7,4,,16.41,82.8,Underweight
22,Male,71.0,1.93,162,139,53,1086.0,Yoga,21.2,2.9,4,,19.06,85.19999999999999,Normal
48,Male,80.6,1.77,198,167,66,1248.0,Cardio,12.9,3.5,4,,25.73,90.6,Overweight
22,Female,58.3,1.72,173,128,63,640.0,Yoga,32.6,1.6,3,,19.71,60.0,Normal
55,Female,63.0,1.7,187,121,67,719.0,Strength,34.9,2.5,3,,21.8,79.2,Normal
20,Male,111.0,1.94,170,156,50,875.0,Cardio,27.6,3.3,4,,29.49,61.2,Overweight
40,Female,52.6,1.66,198,120,71,762.0,Strength,32.9,1.7,3,,19.09,76.2,Normal
54,Male,116.4,2.0,184,123,65,688.0,Yoga,26.2,3.1,3,,29.1,67.8,Overweight
54,Female,75.6,1.61,180,155,52,983.0,Yoga,34.9,2.5,4,,29.17,84.6,Overweight
27,Male,61.6,1.8,169,144,72,1172.0,Yoga,26.4,3.1,2,,19.01,88.8,Normal
27,Male,108.0,1.8,174,122,70,926.0,Cardio,28.6,2.5,4,,33.33,82.8,Obese
36,Female,59.3,1.75,178,128,58,634.0,Strength,34.5,2.3,3,,19.36,59.4,Normal
34,Male,75.7,1.94,181,141,72,915.0,Strength,29.3,2.4,4,,20.11,70.8,Normal
38,Female,56.3,1.6,180,142,53,859.0,Yoga,28.8,1.9,4,,21.99,72.6,Normal
31,Female,58.2,1.73,191,131,70,766.0,Yoga,25.8,1.8,3,,19.45,70.19999999999999,Normal
26,Male,55.7,1.68,182,129,54,802.0,Yoga,21.7,2.9,3,,19.73,67.8,Normal
18,Male,125.9,1.67,172,153,60,1229.0,Yoga,20.6,2.2,3,,45.14,87.6,Obese
30,Female,62.7,1.67,164,162,70,826.0,Hiit,26.1,2.6,4,,22.48,61.2,Normal
21,Male,86.6,1.86,163,129,58,972.0,Hiit,21.8,2.6,3,,25.03,82.2,Overweight
18,Male,64.5,1.82,187,149,52,983.0,Hiit,23.4,2.4,3,,19.47,72.0,Normal
57,Male,76.6,1.86,173,141,55,796.0,Yoga,25.4,2.8,4,,22.14,68.39999999999999,Normal
49,Male,81.4,1.83,167,125,73,1225.0,Yoga,13.6,3.5,5,,24.31,118.8,Normal
51,Male,60.7,1.71,168,169,60,954.0,Strength,22.1,2.5,2,,20.76,68.39999999999999,Normal
45,Female,57.2,1.55,194,121,58,909.0,Cardio,18.4,2.7,5,,23.81,100.19999999999999,Normal
48,Female,73.0,1.59,196,149,64,798.0,Strength,32.0,2.1,3,,28.88,71.39999999999999,Overweight
25,Male,123.8,1.99,180,121,72,752.0,Hiit,25.6,2.6,3,,31.26,67.8,Obese
56,Male,93.6,1.66,177,151,52,1024.0,Strength,29.0,2.2,2,,33.97,82.2,Obese
43,Male,76.8,1.92,192,161,50,988.0,Yoga,21.1,2.5,3,,20.83,74.4,Normal
51,Female,54.7,1.53,167,135,69,674.0,Hiit,26.8,2.0,4,,23.37,66.60000000000001,Normal
20,Male,92.3,1.94,176,131,71,821.0,Hiit,24.3,2.1,3,,24.52,68.39999999999999,Normal
29,Female,71.8,1.55,190,120,68,720.0,Cardio,26.3,2.4,4,,29.89,72.0,Overweight
18,Female,66.9,1.57,193,127,63,679.0,Cardio,30.7,2.2,3,,27.14,64.2,Overweight
22,Female,48.7,1.76,165,167,66,1144.0,Hiit,29.0,2.2,4,,15.72,82.2,Underweight
47,Male,66.2,1.71,181,169,71,1188.0,Hiit,22.8,2.9,3,,22.64,85.19999999999999,Normal
47,Female,40.0,1.76,173,132,63,475.0,Strength,26.7,2.2,3,,12.91,48.0,Underweight
34,Male,112.4,1.85,162,134,66,870.0,Hiit,23.4,3.6,4,,32.84,70.8,Obese
40,Female,70.0,1.55,171,163,74,693.0,Yoga,31.1,1.5,3,,29.14,51.0,Overweight
32,Male,84.0,1.74,195,127,63,1013.0,Strength,25.8,2.1,3,,27.74,87.0,Overweight
54,Female,43.8,1.65,171,129,61,749.0,Yoga,26.6,1.7,4,,16.09,77.4,Underweight
38,Male,123.3,1.62,161,165,65,1216.0,Yoga,21.2,2.3,4,,46.98,80.4,Obese
31,Female,57.9,1.56,161,124,50,1116.0,Yoga,15.1,2.7,5,,23.79,108.0,Normal
19,Male,82.4,1.96,174,169,62,1610.0,Hiit,10.1,3.5,5,,21.45,114.0,Normal
28,Male,84.8,1.79,182,138,55,1025.0,Cardio,28.8,2.3,4,,26.47,81.0,Overweight
56,Male,109.6,1.66,188,166,66,1060.0,Cardio,20.5,3.1,3,,39.77,77.4,Obese
55,Male,86.4,1.77,176,157,61,777.0,Yoga,27.3,2.8,3,,27.58,60.0,Overweight
51,Female,63.9,1.8,191,130,72,626.0,Hiit,33.7,2.7,4,,19.72,64.2,Normal
55,Female,70.8,1.62,166,162,68,394.0,Strength,26.0,1.8,3,,26.98,32.400000000000006,Overweight
51,Male,115.3,1.67,189,139,55,950.0,Yoga,24.4,2.5,3,,41.34,82.8,Obese
35,Female,55.3,1.56,187,139,56,1188.0,Strength,19.8,2.7,5,,22.72,102.6,Normal
47,Male,73.9,1.8,173,140,50,942.0,Strength,28.3,3.7,3,,22.81,81.60000000000001,Normal
32,Male,97.3,1.96,189,137,50,1025.0,Hiit,24.9,3.4,3,,25.33,81.60000000000001,Overweight
44,Female,60.4,1.65,176,169,54,966.0,Hiit,32.6,2.1,4,,22.19,76.2,Normal
51,Male,49.3,1.61,191,129,55,868.0,Cardio,28.3,2.9,2,,19.02,81.60000000000001,Normal
55,Male,91.8,1.78,165,153,65,1091.0,Cardio,23.5,3.4,3,,28.97,86.39999999999999,Overweight
50,Female,73.6,1.55,183,145,74,581.0,Hiit,33.9,2.1,3,,30.63,53.4,Obese
41,Male,47.1,1.78,165,149,65,929.0,Yoga,24.7,2.4,3,,14.87,75.6,Underweight
32,Male,65.2,1.62,186,128,63,408.0,Cardio,25.3,3.4,2,,24.84,34.8,Normal
47,Male,87.2,1.64,177,165,50,1610.0,Strength,15.0,3.5,4,,32.42,120.0,Obese
59,Male,96.7,1.71,183,150,62,423.0,Yoga,28.4,2.9,3,,33.07,34.199999999999996,Obese
34,Female,46.9,1.61,196,161,69,821.0,Strength,28.6,1.7,3,,18.09,61.2,Underweight
22,Female,72.1,1.62,183,123,59,849.0,Hiit,25.1,2.1,3,,27.47,82.8,Overweight
46,Female,62.5,1.54,197,125,73,906.0,Strength,18.1,2.7,4,,26.35,96.60000000000001,Overweight
21,Male,110.7,1.69,193,133,59,775.0,Yoga,27.0,2.7,3,,38.76,63.6,Obese
27,Male,102.6,1.83,199,123,58,954.0,Hiit,26.5,3.5,3,,30.64,84.6,Obese
34,Female,64.3,1.62,174,145,62,1276.0,Yoga,19.8,2.7,5,,24.5,105.6,Normal
27,Male,80.7,1.61,170,166,52,1598.0,Strength,14.3,3.5,4,,31.13,105.0,Obese
34,Male,115.3,1.81,181,167,67,1249.0,Yoga,24.5,2.2,2,,35.19,81.60000000000001,Obese
37,Male,87.8,1.69,183,158,69,1573.0,Hiit,10.3,3.5,5,,30.74,108.60000000000001,Obese
41,Male,74.3,1.61,160,136,51,714.0,Strength,24.8,3.5,4,,28.66,63.6,Overweight
22,Female,78.5,1.7,177,138,66,938.0,Strength,31.9,2.1,4,,27.16,81.60000000000001,Overweight
51,Female,77.3,1.58,171,168,68,733.0,Cardio,31.1,2.0,2,,30.96,58.199999999999996,Obese
23,Female,64.5,1.7,187,125,72,319.0,Cardio,30.4,1.7,2,,22.32,30.6,Normal
19,Male,72.0,1.94,199,148,62,952.0,Yoga,24.7,3.2,3,,19.13,70.19999999999999,Normal
30,Female,77.9,1.77,166,130,62,916.0,Cardio,27.9,2.6,4,,24.87,84.6,Normal
28,Female,69.6,1.58,182,135,50,1006.0,Cardio,27.8,2.0,3,,27.88,89.4,Overweight
40,Male,68.9,1.99,180,149,51,951.0,Cardio,25.0,2.4,4,,17.4,69.6,Underweight
33,Male,45.9,1.89,193,144,50,1148.0,Cardio,21.6,2.9,3,,12.85,87.0,Underweight
48,Female,68.2,1.69,170,159,73,537.0,Hiit,28.4,2.5,3,,23.88,45.0,Normal
28,Female,79.6,1.59,181,130,54,968.0,Hiit,28.2,1.5,3,,31.49,89.4,Obese
33,Female,53.6,1.52,194,126,73,643.0,Cardio,30.9,2.3,2,,23.2,61.2,Normal
25,Female,57.7,1.58,188,145,52,986.0,Yoga,25.7,2.2,3,,23.11,81.60000000000001,Normal
21,Male,74.2,1.93,187,141,56,1024.0,Hiit,28.3,2.5,3,,19.92,79.2,Normal
57,Female,64.4,1.56,177,144,73,985.0,Cardio,17.8,2.7,5,,26.46,91.2,Overweight
21,Female,54.9,1.78,173,138,71,380.0,Hiit,31.7,2.0,2,,17.33,33.0,Underweight
42,Male,50.3,1.64,177,150,62,468.0,Strength,27.0,2.4,3,,18.7,37.8,Normal
20,Female,46.5,1.68,187,145,72,660.0,Hiit,27.9,2.4,2,,16.48,54.6,Underweight
49,Male,57.8,1.99,183,161,67,741.0,Hiit,24.7,3.1,3,,14.6,55.800000000000004,Underweight
20,Male,83.0,1.8,167,160,73,695.0,Yoga,29.6,2.9,2,,25.62,47.400000000000006,Overweight
44,Male,82.5,1.79,167,155,70,1159.0,Hiit,13.8,3.5,5,,25.75,90.6,Overweight
46,Female,66.5,1.73,163,142,56,709.0,Yoga,34.7,2.0,3,,22.22,66.60000000000001,Normal
49,Female,70.2,1.67,186,166,50,695.0,Strength,32.5,1.8,3,,25.17,55.800000000000004,Overweight
36,Male,121.9,1.93,195,132,54,1082.0,Cardio,21.8,3.4,3,,32.73,89.4,Obese
38,Female,70.3,1.52,164,144,66,857.0,Yoga,25.6,2.0,4,,30.43,71.39999999999999,Obese
22,Female,40.3,1.56,192,121,57,877.0,Hiit,30.8,2.1,4,,16.56,87.0,Underweight
35,Male,101.4,1.76,193,121,64,559.0,Hiit,23.6,2.9,2,,32.74,50.4,Obese
45,Male,79.2,1.95,189,135,69,982.0,Yoga,22.8,2.8,3,,20.83,88.2,Normal
59,Female,75.8,1.77,167,128,53,841.0,Strength,33.1,1.8,3,,24.19,87.6,Normal
39,Male,71.7,1.88,198,147,51,445.0,Cardio,23.7,2.2,2,,20.29,33.0,Normal
38,Female,57.7,1.56,185,132,54,1082.0,Hiit,16.6,2.7,5,,23.71,98.39999999999999,Normal
23,Female,47.4,1.6,196,154,50,585.0,Strength,33.5,1.6,3,,18.52,45.6,Normal
18,Female,57.2,1.75,193,160,74,1032.0,Cardio,33.5,2.4,3,,18.68,77.4,Normal
22,Female,44.8,1.72,166,132,54,977.0,Cardio,28.6,1.8,4,,15.14,88.8,Underweight
58,Male,90.2,1.72,199,150,55,668.0,Hiit,28.3,2.1,2,,30.49,54.0,Obese
29,Male,84.9,1.72,187,140,51,1378.0,Yoga,14.3,3.5,4,,28.7,107.4,Overweight
43,Male,95.7,1.77,198,151,50,807.0,Hiit,24.2,3.4,3,,30.55,64.80000000000001,Obese
51,Male,59.0,1.65,198,153,53,924.0,Hiit,20.7,2.3,3,,21.67,73.2,Normal
31,Female,60.5,1.77,187,127,56,1092.0,Hiit,15.0,2.7,4,,19.31,103.2,Normal
43,Female,53.8,1.72,173,160,71,742.0,Strength,30.2,2.3,4,,18.19,61.800000000000004,Underweight
44,Male,86.6,1.97,197,167,50,1372.0,Yoga,11.7,3.5,5,,22.31,99.6,Normal
26,Female,72.8,1.67,163,121,50,829.0,Strength,35.0,1.9,2,,26.1,82.2,Overweight
43,Female,66.3,1.77,177,157,57,1046.0,Hiit,32.7,1.7,4,,21.16,88.8,Normal
39,Female,56.0,1.6,184,151,69,672.0,Yoga,32.6,2.0,2,,21.87,53.4,Normal
47,Male,45.9,1.93,166,159,65,1015.0,Cardio,29.6,2.0,3,,12.32,77.4,Underweight
34,Male,88.0,1.64,197,147,70,1536.0,Yoga,14.4,3.5,4,,32.72,114.0,Obese
43,Male,94.0,1.79,187,156,62,1012.0,Hiit,23.2,3.4,2,,29.34,78.60000000000001,Overweight
53,Female,44.7,1.79,164,160,72,965.0,Yoga,26.7,2.1,3,,13.95,80.4,Underweight
18,Male,63.2,1.63,162,120,73,436.0,Cardio,27.5,2.2,3,,23.79,39.6,Normal
25,Male,95.6,1.9,190,160,72,1294.0,Cardio,23.8,2.4,4,,26.48,88.2,Overweight
52,Male,47.8,1.86,179,129,67,645.0,Yoga,24.7,2.8,3,,13.82,60.6,Underweight
32,Male,85.3,1.64,178,123,69,1197.0,Cardio,13.2,3.5,4,,31.71,106.2,Obese
39,Male,59.7,1.83,170,154,59,1143.0,Strength,29.1,2.3,4,,17.83,81.0,Underweight
31,Male,70.2,1.98,199,129,61,504.0,Yoga,24.2,2.5,2,,17.91,42.599999999999994,Underweight
43,Female,72.7,1.8,162,166,50,590.0,Cardio,32.8,2.1,3,,22.44,47.400000000000006,Normal
45,Female,50.4,1.79,182,130,59,433.0,Cardio,27.7,2.5,2,,15.73,44.4,Underweight
40,Male,81.7,1.74,166,133,58,666.0,Yoga,27.0,2.7,2,,26.99,54.6,Overweight
31,Male,49.3,1.62,182,157,52,484.0,Strength,20.0,3.2,2,,18.79,33.6,Normal
41,Female,61.9,1.64,166,131,68,1138.0,Yoga,19.4,2.7,4,,23.01,115.8,Normal
19,Female,49.1,1.68,193,164,58,1164.0,Cardio,25.3,2.6,4,,17.4,85.19999999999999,Underweight
43,Male,66.5,1.83,178,136,59,747.0,Yoga,27.1,2.4,3,,19.86,66.60000000000001,Normal
31,Male,75.5,1.93,168,135,68,446.0,Cardio,20.5,3.4,2,,20.27,36.0,Normal
24,Male,88.2,1.79,177,154,65,1491.0,Hiit,11.3,3.5,4,,27.53,105.6,Overweight
20,Male,74.8,1.75,184,121,73,885.0,Yoga,25.0,3.3,3,,24.42,79.80000000000001,Normal
40,Female,72.2,1.6,173,130,67,566.0,Yoga,29.2,1.9,3,,28.2,52.2,Overweight
35,Male,62.8,1.63,184,160,63,1241.0,Cardio,21.9,3.7,4,,23.64,84.6,Normal
55,Male,84.7,1.79,178,122,52,719.0,Cardio,23.3,2.4,3,,26.43,71.39999999999999,Overweight
52,Male,116.5,1.69,198,148,51,388.0,Cardio,27.3,2.4,2,,40.79,31.8,Obese
32,Male,77.4,1.92,174,137,50,1047.0,Cardio,26.7,3.3,3,,21.0,83.39999999999999,Normal
42,Female,72.9,1.62,175,139,67,732.0,Yoga,25.7,2.0,4,,27.78,70.19999999999999,Overweight
54,Female,58.4,1.59,186,166,73,807.0,Cardio,32.5,1.9,2,,23.1,64.80000000000001,Normal
45,Female,64.3,1.54,199,133,58,999.0,Yoga,15.3,2.7,4,,27.11,100.19999999999999,Overweight
27,Male,89.3,1.87,169,153,62,1363.0,Strength,12.7,3.5,5,,25.54,97.2,Overweight
56,Male,90.2,1.61,163,168,51,1148.0,Yoga,22.6,2.3,3,,34.8,82.8,Obese
34,Female,59.0,1.62,178,150,56,847.0,Cardio,30.9,2.4,4,,22.48,67.8,Normal
56,Male,58.7,1.86,187,159,65,858.0,Cardio,22.6,3.3,3,,16.97,65.4,Underweight
39,Male,127.5,1.82,180,161,70,1116.0,Strength,29.8,3.0,3,,38.49,75.6,Obese
43,Female,68.6,1.52,173,137,68,875.0,Yoga,28.1,2.6,4,,29.69,85.19999999999999,Overweight
42,Female,56.7,1.53,192,149,74,717.0,Strength,27.4,1.9,3,,24.22,64.2,Normal
34,Female,64.5,1.78,169,144,64,958.0,Yoga,27.8,1.8,4,,20.36,79.80000000000001,Normal
30,Female,61.6,1.52,178,138,71,1228.0,Cardio,19.5,2.7,4,,26.66,106.8,Overweight
37,Male,75.1,1.82,189,127,60,859.0,Yoga,26.4,3.2,4,,22.67,73.8,Normal
42,Male,79.3,1.93,181,147,50,888.0,Cardio,27.3,3.3,2,,21.29,73.2,Normal
21,Female,72.6,1.68,162,127,70,756.0,Cardio,34.2,1.8,3,,25.72,71.39999999999999,Overweight
27,Male,76.7,1.7,196,150,56,792.0,Hiit,29.1,2.1,3,,26.54,57.599999999999994,Overweight
20,Female,44.2,1.61,177,122,69,659.0,Hiit,32.4,2.5,2,,17.05,64.80000000000001,Underweight
58,Female,56.5,1.7,170,122,57,406.0,Yoga,27.0,2.7,2,,19.55,44.4,Normal
35,Male,100.9,1.63,161,163,59,986.0,Cardio,28.4,3.1,2,,37.98,66.0,Obese
53,Female,55.8,1.55,171,141,54,711.0,Strength,27.0,1.8,4,,23.23,67.2,Normal
39,Male,58.3,1.93,165,136,58,1010.0,Cardio,27.4,3.7,4,,15.65,81.0,Underweight
51,Male,48.6,1.77,199,155,74,1128.0,Strength,26.9,3.5,2,,15.51,88.2,Underweight
25,Male,81.7,1.95,188,136,74,1451.0,Yoga,13.8,3.5,4,,21.49,116.39999999999999,Normal
57,Male,85.6,1.69,189,133,50,1159.0,Yoga,12.7,3.5,5,,29.97,105.6,Obese
36,Female,60.0,1.72,161,128,51,1043.0,Strength,18.2,2.7,5,,20.28,97.8,Normal
59,Male,126.4,1.69,168,149,68,915.0,Strength,29.5,2.9,3,,44.26,74.4,Obese
58,Female,75.4,1.78,161,140,63,662.0,Cardio,26.0,2.5,4,,23.8,63.0,Normal
54,Female,64.2,1.69,188,131,69,996.0,Yoga,16.5,2.7,4,,22.48,101.39999999999999,Normal
23,Female,65.2,1.62,192,156,59,1069.0,Cardio,31.1,2.5,3,,24.84,82.2,Normal
43,Female,70.1,1.66,169,151,58,673.0,Strength,34.6,2.6,2,,25.44,59.4,Overweight
51,Male,102.6,1.77,193,130,59,779.0,Hiit,21.0,3.4,2,,32.75,72.6,Obese
23,Male,107.2,1.93,167,139,55,879.0,Hiit,20.2,3.1,4,,28.78,69.0,Overweight
54,Female,56.5,1.75,196,154,66,1220.0,Hiit,15.3,2.7,5,,18.45,105.6,Underweight
50,Female,61.6,1.75,192,166,74,911.0,Strength,25.5,2.2,4,,20.11,73.2,Normal
39,Male,81.7,1.75,165,165,55,1198.0,Cardio,29.1,2.8,4,,26.68,79.2,Overweight
38,Female,76.6,1.58,199,130,53,481.0,Yoga,32.2,2.3,2,,30.68,44.4,Obese
23,Male,116.8,1.79,178,127,69,698.0,Strength,26.8,3.4,4,,36.45,60.0,Obese
23,Female,60.1,1.59,191,123,52,1107.0,Hiit,17.6,2.7,4,,23.77,108.0,Normal
21,Male,93.7,1.73,186,146,72,803.0,Cardio,27.8,3.6,2,,31.31,60.0,Obese
47,Female,41.6,1.58,160,163,68,756.0,Yoga,26.6,2.1,4,,16.66,61.800000000000004,Underweight
28,Female,55.1,1.79,192,159,67,1582.0,Yoga,17.0,2.7,5,,17.2,119.4,Underweight
47,Male,127.1,1.76,199,157,73,552.0,Strength,24.9,3.0,2,,41.03,42.599999999999994,Obese
48,Female,69.1,1.6,191,166,53,1001.0,Strength,26.1,2.0,4,,26.99,80.4,Overweight
41,Female,66.8,1.74,164,149,57,898.0,Yoga,29.2,2.3,3,,22.06,80.4,Normal
26,Male,125.5,1.76,176,163,66,1031.0,Yoga,23.2,3.1,4,,40.52,69.0,Obese
20,Female,71.3,1.58,167,167,54,893.0,Hiit,25.4,1.5,3,,28.56,64.2,Overweight
48,Male,129.2,1.61,193,167,62,876.0,Yoga,21.4,2.9,4,,49.84,63.6,Obese
57,Male,96.3,1.86,168,146,74,795.0,Strength,27.6,2.2,3,,27.84,66.0,Overweight
54,Female,67.5,1.54,182,140,50,454.0,Cardio,25.2,1.5,3,,28.46,43.199999999999996,Overweight
53,Female,64.4,1.55,194,139,62,1107.0,Hiit,19.7,2.7,4,,26.81,106.2,Overweight
41,Female,64.9,1.57,166,123,53,576.0,Hiit,25.9,2.4,4,,26.33,62.400000000000006,Overweight
48,Female,52.3,1.66,174,130,71,433.0,Yoga,33.0,1.8,3,,18.98,44.4,Normal
23,Female,56.7,1.55,179,132,73,911.0,Cardio,34.0,1.9,4,,23.6,82.8,Normal
19,Female,46.8,1.63,184,128,63,864.0,Hiit,34.4,1.6,4,,17.61,81.0,Underweight
37,Female,70.3,1.77,162,123,52,621.0,Strength,33.7,1.7,2,,22.44,60.6,Normal
45,Male,80.8,1.76,183,131,54,1102.0,Yoga,11.4,3.5,4,,26.08,102.0,Overweight
28,Female,56.0,1.5,193,128,56,1242.0,Strength,16.7,2.7,5,,24.89,116.39999999999999,Normal
21,Male,101.2,1.84,181,132,50,944.0,Yoga,24.3,3.3,2,,29.89,78.0,Overweight
32,Female,56.6,1.57,170,167,72,1378.0,Hiit,15.7,2.7,4,,22.96,99.0,Normal
23,Female,40.9,1.75,167,145,61,594.0,Yoga,25.2,2.1,3,,13.36,49.199999999999996,Underweight
47,Male,127.8,1.65,198,157,60,598.0,Cardio,28.7,3.5,2,,46.94,46.2,Obese
55,Female,49.3,1.76,194,161,73,927.0,Strength,30.5,2.0,2,,15.92,76.8,Underweight
19,Female,64.3,1.63,197,132,57,1234.0,Cardio,18.0,2.7,5,,24.2,112.2,Normal
32,Male,49.3,1.62,167,158,74,1025.0,Strength,29.3,2.5,3,,18.79,70.8,Normal
28,Female,63.0,1.62,196,147,55,500.0,Strength,31.7,1.9,2,,24.01,40.800000000000004,Normal
25,Female,41.1,1.67,186,138,71,711.0,Yoga,31.9,2.4,3,,14.74,61.800000000000004,Underweight
43,Female,40.5,1.74,187,143,51,965.0,Hiit,32.9,2.2,3,,13.38,90.0,Underweight
22,Male,71.0,1.62,199,138,68,691.0,Hiit,21.2,3.5,2,,27.05,54.6,Overweight
23,Female,60.9,1.62,193,168,69,1336.0,Cardio,16.8,2.7,5,,23.21,95.4,Normal
43,Female,64.7,1.66,191,132,69,1117.0,Yoga,19.8,2.7,4,,23.48,112.8,Normal
21,Female,51.0,1.71,174,132,73,706.0,Hiit,34.2,2.2,3,,17.44,64.2,Underweight
36,Female,57.7,1.77,176,147,63,1213.0,Strength,19.4,2.7,4,,18.42,99.0,Underweight
37,Male,76.9,1.82,192,121,50,992.0,Strength,24.5,2.8,4,,23.22,89.4,Normal
50,Male,80.5,1.77,175,129,59,1181.0,Yoga,14.3,3.5,4,,25.7,111.0,Overweight
37,Female,73.3,1.74,188,141,65,726.0,Cardio,25.5,2.4,3,,24.21,61.800000000000004,Normal
29,Female,49.0,1.57,168,132,53,878.0,Yoga,26.5,2.6,3,,19.88,79.80000000000001,Normal
18,Male,114.5,1.97,192,128,60,725.0,Cardio,24.1,2.6,3,,29.5,61.800000000000004,Overweight
43,Male,81.0,1.78,188,152,65,1189.0,Yoga,12.4,3.5,5,,25.56,94.80000000000001,Overweight
31,Female,53.5,1.76,172,133,69,811.0,Strength,27.6,1.8,4,,17.27,73.2,Underweight
55,Male,52.1,1.68,180,167,50,637.0,Yoga,23.6,3.0,3,,18.46,46.2,Underweight
54,Female,70.1,1.52,180,139,65,475.0,Hiit,26.6,2.1,2,,30.34,45.6,Obese
28,Male,86.9,1.78,164,134,68,951.0,Hiit,24.9,3.7,4,,27.43,77.4,Overweight
53,Male,73.4,1.76,169,151,70,815.0,Yoga,27.9,2.8,3,,23.7,65.4,Normal
30,Male,90.0,1.66,165,152,71,1104.0,Cardio,26.6,2.1,4,,32.66,79.2,Obese
20,Male,85.7,1.92,172,136,58,1287.0,Cardio,10.5,3.5,5,,23.25,103.2,Normal
50,Female,70.4,1.55,160,143,58,470.0,Strength,29.9,2.7,2,,29.3,43.8,Overweight
23,Male,57.7,1.71,179,149,58,942.0,Strength,27.0,3.4,3,,19.73,69.0,Normal
27,Male,75.7,1.76,167,132,66,494.0,Cardio,25.3,2.3,3,,24.44,40.800000000000004,Normal
22,Female,61.8,1.52,169,166,61,1519.0,Yoga,17.0,2.7,5,,26.75,109.80000000000001,Overweight
40,Male,80.3,1.76,168,167,74,1497.0,Strength,13.1,3.5,5,,25.92,97.8,Overweight
27,Male,104.3,1.68,162,135,62,950.0,Cardio,29.7,3.5,3,,36.95,76.8,Obese
19,Female,65.7,1.58,170,121,57,883.0,Cardio,25.9,1.9,3,,26.32,87.6,Overweight
30,Male,120.3,1.96,171,136,65,494.0,Yoga,23.9,2.6,2,,31.32,39.6,Obese
57,Female,51.9,1.57,169,151,67,713.0,Hiit,29.1,2.6,3,,21.06,63.0,Normal
19,Female,59.1,1.57,184,162,50,1336.0,Cardio,17.9,2.7,5,,23.98,99.0,Normal
37,Female,66.9,1.75,184,127,50,876.0,Strength,26.5,2.1,4,,21.84,82.8,Normal
18,Female,66.9,1.75,170,122,61,573.0,Yoga,26.8,1.7,2,,21.84,56.4,Normal
54,Male,78.7,1.66,195,131,55,921.0,Yoga,22.9,2.6,3,,28.56,85.19999999999999,Overweight
26,Female,62.4,1.61,198,139,58,1307.0,Yoga,19.8,2.7,4,,24.07,112.8,Normal
34,Male,102.1,1.71,185,135,72,713.0,Hiit,27.3,3.2,2,,34.92,57.599999999999994,Obese
26,Male,51.9,2.0,173,133,54,549.0,Hiit,26.6,2.3,2,,12.97,45.0,Underweight
28,Male,58.3,2.0,198,135,65,980.0,Strength,28.2,3.0,4,,14.57,79.2,Underweight
32,Male,89.8,1.92,199,168,67,1610.0,Strength,10.6,3.5,4,,24.36,115.8,Normal
41,Male,101.1,1.83,160,162,66,634.0,Yoga,28.6,3.2,2,,30.19,47.400000000000006,Obese
55,Male,118.6,1.72,163,168,67,640.0,Strength,25.9,2.6,3,,40.09,46.2,Obese
52,Male,84.8,1.85,189,152,50,895.0,Cardio,23.4,3.2,2,,24.78,71.39999999999999,Normal
47,Male,80.0,1.77,171,149,68,531.0,Hiit,28.2,3.5,3,,25.54,43.199999999999996,Overweight
48,Male,73.1,1.83,194,131,71,681.0,Yoga,28.0,2.8,4,,21.83,63.0,Normal
22,Male,117.3,1.68,172,134,57,914.0,Yoga,28.5,2.7,3,,41.56,74.4,Obese
31,Female,77.4,1.71,190,137,52,863.0,Cardio,26.2,1.8,4,,26.47,75.6,Overweight
28,Female,72.9,1.67,197,147,74,831.0,Cardio,34.7,2.2,3,,26.14,67.8,Overweight
26,Female,71.2,1.5,182,142,54,816.0,Cardio,34.6,2.6,2,,31.64,69.0,Obese
51,Male,88.2,1.62,163,133,72,1027.0,Cardio,11.8,3.5,4,,33.61,93.60000000000001,Obese
29,Female,75.6,1.8,175,149,57,976.0,Yoga,25.7,1.9,4,,23.33,78.60000000000001,Normal
52,Female,57.9,1.56,166,152,68,1135.0,Hiit,15.8,2.7,4,,23.79,99.6,Normal
52,Female,70.6,1.58,181,164,67,753.0,Hiit,34.9,2.0,3,,28.28,61.2,Overweight
18,Male,118.6,1.64,188,134,67,693.0,Cardio,25.6,2.7,3,,44.1,56.4,Obese
57,Male,55.7,1.99,170,126,70,705.0,Strength,23.6,3.0,3,,14.07,67.8,Underweight
39,Male,102.3,1.94,192,134,50,656.0,Yoga,22.9,2.4,3,,27.18,53.4,Overweight
46,Male,72.6,1.87,188,161,64,1044.0,Hiit,22.6,3.4,4,,20.76,78.60000000000001,Normal
25,Female,63.8,1.68,198,165,67,784.0,Cardio,31.6,1.9,2,,22.6,57.0,Normal
28,Female,67.3,1.67,171,157,74,479.0,Strength,29.2,2.3,3,,24.13,36.6,Normal
58,Female,59.3,1.58,166,165,56,1463.0,Strength,19.8,2.7,4,,23.75,118.2,Normal
54,Female,70.7,1.57,198,163,65,836.0,Cardio,31.8,2.1,3,,28.68,68.39999999999999,Overweight
31,Male,86.9,1.69,185,130,65,1230.0,Yoga,14.0,3.5,4,,30.43,103.2,Obese
47,Male,98.2,1.9,199,148,64,557.0,Hiit,22.9,3.0,3,,27.2,45.6,Overweight
52,Male,63.6,1.62,168,150,55,965.0,Strength,20.8,2.3,4,,24.23,78.0,Normal
38,Female,45.2,1.68,193,144,58,727.0,Hiit,29.9,2.4,3,,16.01,60.6,Underweight
54,Male,117.2,1.62,172,143,56,736.0,Hiit,23.1,2.3,4,,44.66,62.400000000000006,Obese
22,Male,107.4,1.74,195,138,63,1017.0,Strength,22.0,2.2,2,,35.47,80.4,Obese
36,Female,59.1,1.78,184,121,60,514.0,Cardio,34.5,2.2,2,,18.65,51.0,Normal
31,Female,53.3,1.64,183,141,70,402.0,Strength,29.4,2.4,3,,19.82,34.199999999999996,Normal
43,Male,46.2,1.63,176,139,65,812.0,Strength,21.7,2.1,2,,17.39,70.8,Underweight
21,Male,67.0,1.61,161,152,74,1104.0,Yoga,22.0,2.1,3,,25.85,79.2,Overweight
42,Male,86.3,1.77,172,127,55,1113.0,Hiit,11.4,3.5,4,,27.55,106.2,Overweight
59,Male,85.5,1.67,190,144,71,1418.0,Cardio,15.0,3.5,5,,30.66,119.4,Obese
42,Male,70.2,1.87,188,165,65,1127.0,Hiit,22.7,3.4,3,,20.07,82.8,Normal
35,Male,127.1,1.62,187,128,69,718.0,Strength,23.3,3.4,4,,48.43,61.2,Obese
57,Female,75.6,1.67,186,153,65,723.0,Cardio,31.6,1.8,3,,27.11,63.0,Overweight
25,Female,62.6,1.65,174,142,61,852.0,Cardio,27.9,2.2,3,,22.99,72.0,Normal
56,Female,55.7,1.53,190,124,66,1066.0,Cardio,16.1,2.7,5,,23.79,114.6,Normal
57,Male,96.1,1.74,199,144,54,862.0,Cardio,21.6,2.8,3,,31.74,72.6,Obese
31,Female,76.7,1.62,174,127,74,883.0,Yoga,28.1,2.3,4,,29.23,83.39999999999999,Overweight
49,Male,57.2,1.89,192,135,62,762.0,Cardio,21.1,3.5,2,,16.01,68.39999999999999,Underweight
55,Male,69.9,1.81,179,167,57,992.0,Strength,20.2,2.1,4,,21.34,72.0,Normal
50,Female,67.9,1.77,171,164,73,760.0,Yoga,33.0,2.4,3,,21.67,61.800000000000004,Normal
40,Male,87.9,1.87,196,134,54,1445.0,Strength,10.7,3.5,5,,25.14,117.6,Overweight
32,Male,102.8,1.98,168,120,61,818.0,Strength,27.8,2.8,3,,26.22,74.4,Overweight
50,Female,51.8,1.5,182,141,58,838.0,Hiit,33.0,2.2,3,,23.02,79.2,Normal
42,Female,57.7,1.57,167,122,52,1005.0,Cardio,17.7,2.7,4,,23.41,109.80000000000001,Normal
34,Female,66.5,1.69,191,157,52,636.0,Cardio,28.1,2.3,3,,23.28,48.6,Normal
50,Male,95.4,1.61,173,133,50,764.0,Strength,21.5,3.6,4,,36.8,69.6,Obese
19,Female,69.2,1.6,186,155,74,907.0,Cardio,32.4,1.6,3,,27.03,70.19999999999999,Overweight
31,Female,66.6,1.67,184,137,71,699.0,Yoga,31.0,1.5,4,,23.88,61.2,Normal
57,Male,83.4,1.65,172,166,67,1290.0,Hiit,13.3,3.5,4,,30.63,94.2,Obese
57,Female,43.8,1.75,180,160,73,1001.0,Cardio,25.1,1.7,2,,14.3,83.39999999999999,Underweight
56,Female,64.2,1.69,190,137,61,1227.0,Cardio,19.6,2.7,5,,22.48,119.4,Normal
23,Female,44.1,1.62,196,122,58,354.0,Yoga,25.7,2.7,2,,16.8,34.8,Underweight
23,Male,87.3,1.91,164,129,58,1327.0,Hiit,11.8,3.5,5,,23.93,112.2,Normal
20,Male,55.0,1.6,172,168,67,1035.0,Yoga,24.0,3.2,4,,21.48,67.2,Normal
24,Male,87.1,1.74,187,158,67,1364.0,Strength,10.0,3.5,4,,28.77,94.2,Overweight
25,Male,66.6,1.61,184,166,56,1260.0,Strength,25.0,3.0,2,,25.69,82.8,Overweight
59,Female,60.4,1.76,194,120,53,929.0,Cardio,18.8,2.7,5,,19.5,103.2,Normal
32,Male,126.4,1.83,198,146,62,883.0,Hiit,28.2,2.1,3,,37.74,66.0,Obese
46,Male,88.7,1.63,166,146,66,542.0,Strength,28.8,3.5,2,,33.38,45.0,Obese
